timestamp_ms,equity,balance,position_qty,snapshot_version
1700000000000,10000.00,10000.00,0,1
1700000060000,10000.00,10000.00,0,2
1700000120000,10000.00,10000.00,0,3
1700000180000,10000.00,10000.00,0,4
1700000240000,10000.00,10000.00,0,5
1700000300000,10000.00,10000.00,0,6
1700000360000,10000.00,10000.00,0,7
1700000420000,10000.00,10000.00,0,8
1700000480000,10000.00,10000.00,0,9
1700000540000,10000.00,10000.00,0,10
1700000600000,10000.00,10000.00,0,11
1700000660000,10000.00,10000.00,0,12
1700000720000,10000.00,10000.00,0,13
1700000780000,10000.00,10000.00,0,14
1700000840000,10000.00,10000.00,0,15
1700000900000,10000.00,10000.00,0,16
1700000960000,10000.00,10000.00,0,17
1700001020000,10000.00,10000.00,0,18
1700001080000,10000.00,10000.00,0,19
1700001140000,10000.00,10000.00,0,20
1700001200000,10000.00,10000.00,0,21
1700001260000,10000.00,10000.00,0,22
1700001320000,10000.00,10000.00,0,23
1700001380000,10000.00,10000.00,0,24
1700001440000,10000.00,10000.00,0,25
1700001500000,10000.00,10000.00,0,26
1700001560000,10000.00,10000.00,0,27
1700001620000,10000.00,10000.00,0,28
1700001680000,10000.00,10000.00,0,29
1700001740000,10000.00,10000.00,0,30
1700001800000,532.68423916017919509,526.34156850468703509,0.187,31
1700001860000,535.82880263702917709,526.34156850468703509,0.187,32
1700001920000,525.86750752051047509,526.34156850468703509,0.187,33
1700001980000,520.53981654687627009,526.34156850468703509,0.187,34
1700002040000,517.29034622625936509,526.34156850468703509,0.187,35
1700002100000,512.42393531220720509,526.34156850468703509,0.187,36
1700002160000,518.32611153176693509,526.34156850468703509,0.187,37
1700002220000,517.12008712549981509,526.34156850468703509,0.187,38
1700002280000,513.12795349083569509,526.34156850468703509,0.187,39
1700002340000,499.68203783508082709,526.34156850468703509,0.187,40
1700002400000,502.77494138256257509,526.34156850468703509,0.187,41
1700002460000,503.44179225816227509,526.34156850468703509,0.187,42
1700002520000,498.70054147581062009,526.34156850468703509,0.187,43
1700002580000,495.44639396702256509,526.34156850468703509,0.187,44
1700002640000,490.23143734251581509,526.34156850468703509,0.187,45
1700002700000,477.44973258183909509,526.34156850468703509,0.187,46
1700002760000,9932.22866743855879812,9932.22866743855879812,0,47
1700002820000,9932.22866743855879812,9932.22866743855879812,0,48
1700002880000,9932.22866743855879812,9932.22866743855879812,0,49
1700002940000,9932.22866743855879812,9932.22866743855879812,0,50
1700003000000,9932.22866743855879812,9932.22866743855879812,0,51
1700003060000,9932.22866743855879812,9932.22866743855879812,0,52
1700003120000,9932.22866743855879812,9932.22866743855879812,0,53
1700003180000,9932.22866743855879812,9932.22866743855879812,0,54
1700003240000,9932.22866743855879812,9932.22866743855879812,0,55
1700003300000,9932.22866743855879812,9932.22866743855879812,0,56
1700003360000,9932.22866743855879812,9932.22866743855879812,0,57
1700003420000,9932.22866743855879812,9932.22866743855879812,0,58
1700003480000,9932.22866743855879812,9932.22866743855879812,0,59
1700003540000,9932.22866743855879812,9932.22866743855879812,0,60
1700003600000,9932.22866743855879812,9932.22866743855879812,0,61
1700003660000,9932.22866743855879812,9932.22866743855879812,0,62
1700003720000,9932.22866743855879812,9932.22866743855879812,0,63
1700003780000,9932.22866743855879812,9932.22866743855879812,0,64
1700003840000,9932.22866743855879812,9932.22866743855879812,0,65
1700003900000,9932.22866743855879812,9932.22866743855879812,0,66
1700003960000,9932.22866743855879812,9932.22866743855879812,0,67
1700004020000,9932.22866743855879812,9932.22866743855879812,0,68
1700004080000,9932.22866743855879812,9932.22866743855879812,0,69
1700004140000,9932.22866743855879812,9932.22866743855879812,0,70
1700004200000,9932.22866743855879812,9932.22866743855879812,0,71
1700004260000,9932.22866743855879812,9932.22866743855879812,0,72
1700004320000,9932.22866743855879812,9932.22866743855879812,0,73
1700004380000,9932.22866743855879812,9932.22866743855879812,0,74
1700004440000,9932.22866743855879812,9932.22866743855879812,0,75
1700004500000,9932.22866743855879812,9932.22866743855879812,0,76
1700004560000,9932.22866743855879812,9932.22866743855879812,0,77
1700004620000,9932.22866743855879812,9932.22866743855879812,0,78
1700004680000,9932.22866743855879812,9932.22866743855879812,0,79
1700004740000,9932.22866743855879812,9932.22866743855879812,0,80
1700004800000,9932.22866743855879812,9932.22866743855879812,0,81
1700004860000,9932.22866743855879812,9932.22866743855879812,0,82
1700004920000,9932.22866743855879812,9932.22866743855879812,0,83
1700004980000,9932.22866743855879812,9932.22866743855879812,0,84
1700005040000,9932.22866743855879812,9932.22866743855879812,0,85
1700005100000,9932.22866743855879812,9932.22866743855879812,0,86
1700005160000,9932.22866743855879812,9932.22866743855879812,0,87
1700005220000,9932.22866743855879812,9932.22866743855879812,0,88
1700005280000,9932.22866743855879812,9932.22866743855879812,0,89
1700005340000,514.55155849574237152,505.81044749817053152,0.188,90
1700005400000,525.32276568776479152,505.81044749817053152,0.188,91
1700005460000,532.08466950894481152,505.81044749817053152,0.188,92
1700005520000,528.68734103786029152,505.81044749817053152,0.188,93
1700005580000,540.73831636282697152,505.81044749817053152,0.188,94
1700005640000,536.09013192657643152,505.81044749817053152,0.188,95
1700005700000,551.57933197348005152,505.81044749817053152,0.188,96
1700005760000,552.80162476817873152,505.81044749817053152,0.188,97
1700005820000,554.26147925941637152,505.81044749817053152,0.188,98
1700005880000,566.37343023010421152,505.81044749817053152,0.188,99
1700005940000,579.29194750865877152,505.81044749817053152,0.188,100
1700006000000,584.70728636362785152,505.81044749817053152,0.188,101
1700006060000,593.73823629947353152,505.81044749817053152,0.188,102
1700006120000,590.67116148987321152,505.81044749817053152,0.188,103
1700006180000,602.94352164564101152,505.81044749817053152,0.188,104
1700006240000,612.07371439162129152,505.81044749817053152,0.188,105
1700006300000,617.54986744089133152,505.81044749817053152,0.188,106
1700006360000,616.65579174786061152,505.81044749817053152,0.188,107
1700006420000,633.38675011816355152,505.81044749817053152,0.188,108
1700006480000,642.05641532276543152,505.81044749817053152,0.188,109
1700006540000,639.62441638597329152,505.81044749817053152,0.188,110
1700006600000,641.71824783730673152,505.81044749817053152,0.188,111
1700006660000,658.00640350993585152,505.81044749817053152,0.188,112
1700006720000,660.78475273998589152,505.81044749817053152,0.188,113
1700006780000,662.00179696518125152,505.81044749817053152,0.188,114
1700006840000,661.98841761561913152,505.81044749817053152,0.188,115
1700006900000,672.37797599402577152,505.81044749817053152,0.188,116
1700006960000,680.93196673735697152,505.81044749817053152,0.188,117
1700007020000,677.80949548859581152,505.81044749817053152,0.188,118
1700007080000,675.95141821748709152,505.81044749817053152,0.188,119
1700007140000,689.94720761312956352,505.81044749817053152,0.188,120
1700007200000,693.66509707280893952,505.81044749817053152,0.188,121
1700007260000,689.96651880937329152,505.81044749817053152,0.188,122
1700007320000,704.15217853999987152,505.81044749817053152,0.188,123
1700007380000,698.55507982467781152,505.81044749817053152,0.188,124
1700007440000,704.46280791546151152,505.81044749817053152,0.188,125
1700007500000,707.34036225496181152,505.81044749817053152,0.188,126
1700007560000,695.89552324736931152,505.81044749817053152,0.188,127
1700007620000,697.78723462410035152,505.81044749817053152,0.188,128
1700007680000,700.33746076435801152,505.81044749817053152,0.188,129
1700007740000,698.84231593183709952,505.81044749817053152,0.188,130
1700007800000,702.97567215066481952,505.81044749817053152,0.188,131
1700007860000,692.65672178068413152,505.81044749817053152,0.188,132
1700007920000,703.96555158376357152,505.81044749817053152,0.188,133
1700007980000,701.13883085933021152,505.81044749817053152,0.188,134
1700008040000,689.18623216775721152,505.81044749817053152,0.188,135
1700008100000,697.64332981095328352,505.81044749817053152,0.188,136
1700008160000,681.29110153085937152,505.81044749817053152,0.188,137
1700008220000,689.76015514397753952,505.81044749817053152,0.188,138
1700008280000,679.91562455191849152,505.81044749817053152,0.188,139
1700008340000,685.80279227366621152,505.81044749817053152,0.188,140
1700008400000,671.43498552912323152,505.81044749817053152,0.188,141
1700008460000,672.22757025778481152,505.81044749817053152,0.188,142
1700008520000,669.34492431675953152,505.81044749817053152,0.188,143
1700008580000,661.16112550929237152,505.81044749817053152,0.188,144
1700008640000,651.99630025278181952,505.81044749817053152,0.188,145
1700008700000,660.90300962326521152,505.81044749817053152,0.188,146
1700008760000,649.50649688581924352,505.81044749817053152,0.188,147
1700008820000,10056.947018339376528208,10056.947018339376528208,0,148
1700008880000,10056.947018339376528208,10056.947018339376528208,0,149
1700008940000,10056.947018339376528208,10056.947018339376528208,0,150
1700009000000,10056.947018339376528208,10056.947018339376528208,0,151
1700009060000,10056.947018339376528208,10056.947018339376528208,0,152
1700009120000,10056.947018339376528208,10056.947018339376528208,0,153
1700009180000,10056.947018339376528208,10056.947018339376528208,0,154
1700009240000,10056.947018339376528208,10056.947018339376528208,0,155
1700009300000,10056.947018339376528208,10056.947018339376528208,0,156
1700009360000,10056.947018339376528208,10056.947018339376528208,0,157
1700009420000,10056.947018339376528208,10056.947018339376528208,0,158
1700009480000,10056.947018339376528208,10056.947018339376528208,0,159
1700009540000,10056.947018339376528208,10056.947018339376528208,0,160
1700009600000,10056.947018339376528208,10056.947018339376528208,0,161
1700009660000,10056.947018339376528208,10056.947018339376528208,0,162
1700009720000,10056.947018339376528208,10056.947018339376528208,0,163
1700009780000,10056.947018339376528208,10056.947018339376528208,0,164
1700009840000,10056.947018339376528208,10056.947018339376528208,0,165
1700009900000,10056.947018339376528208,10056.947018339376528208,0,166
1700009960000,10056.947018339376528208,10056.947018339376528208,0,167
1700010020000,10056.947018339376528208,10056.947018339376528208,0,168
1700010080000,10056.947018339376528208,10056.947018339376528208,0,169
1700010140000,10056.947018339376528208,10056.947018339376528208,0,170
1700010200000,10056.947018339376528208,10056.947018339376528208,0,171
1700010260000,10056.947018339376528208,10056.947018339376528208,0,172
1700010320000,10056.947018339376528208,10056.947018339376528208,0,173
1700010380000,10056.947018339376528208,10056.947018339376528208,0,174
1700010440000,10056.947018339376528208,10056.947018339376528208,0,175
1700010500000,10056.947018339376528208,10056.947018339376528208,0,176
1700010560000,10056.947018339376528208,10056.947018339376528208,0,177
1700010620000,10056.947018339376528208,10056.947018339376528208,0,178
1700010680000,10056.947018339376528208,10056.947018339376528208,0,179
1700010740000,10056.947018339376528208,10056.947018339376528208,0,180
1700010800000,10056.947018339376528208,10056.947018339376528208,0,181
1700010860000,10056.947018339376528208,10056.947018339376528208,0,182
1700010920000,10056.947018339376528208,10056.947018339376528208,0,183
1700010980000,10056.947018339376528208,10056.947018339376528208,0,184
1700011040000,10056.947018339376528208,10056.947018339376528208,0,185
1700011100000,10056.947018339376528208,10056.947018339376528208,0,186
1700011160000,10056.947018339376528208,10056.947018339376528208,0,187
1700011220000,10056.947018339376528208,10056.947018339376528208,0,188
1700011280000,10056.947018339376528208,10056.947018339376528208,0,189
1700011340000,10056.947018339376528208,10056.947018339376528208,0,190
1700011400000,534.764363395181658168,525.589296765378178168,0.188,191
1700011460000,535.373694598051418168,525.589296765378178168,0.188,192
1700011520000,545.695594730224758168,525.589296765378178168,0.188,193
1700011580000,538.700309811283298168,525.589296765378178168,0.188,194
1700011640000,545.810422382919658168,525.589296765378178168,0.188,195
1700011700000,550.077647149286618168,525.589296765378178168,0.188,196
1700011760000,565.557366565019698168,525.589296765378178168,0.188,197
1700011820000,579.065736819858658168,525.589296765378178168,0.188,198
1700011880000,579.548625122711738168,525.589296765378178168,0.188,199
1700011940000,580.127080551961358168,525.589296765378178168,0.188,200
1700012000000,599.542970226957698168,525.589296765378178168,0.188,201
1700012060000,590.302466217572098168,525.589296765378178168,0.188,202
1700012120000,600.290316052189878168,525.589296765378178168,0.188,203
1700012180000,617.603490522833818168,525.589296765378178168,0.188,204
1700012240000,615.662277743933058168,525.589296765378178168,0.188,205
1700012300000,626.471068055500338168,525.589296765378178168,0.188,206
1700012360000,631.491094603188930168,525.589296765378178168,0.188,207
1700012420000,632.607147444146650168,525.589296765378178168,0.188,208
1700012480000,636.545192431230218168,525.589296765378178168,0.188,209
1700012540000,657.128103303336418168,525.589296765378178168,0.188,210
1700012600000,659.438503482538458168,525.589296765378178168,0.188,211
1700012660000,659.396273270864458168,525.589296765378178168,0.188,212
1700012720000,668.890444971954418168,525.589296765378178168,0.188,213
1700012780000,663.617075951549458168,525.589296765378178168,0.188,214
1700012840000,685.559358876852218168,525.589296765378178168,0.188,215
1700012900000,685.268090625287618168,525.589296765378178168,0.188,216
1700012960000,694.660474196284378168,525.589296765378178168,0.188,217
1700013020000,681.819139897188106168,525.589296765378178168,0.188,218
1700013080000,694.671100441546218168,525.589296765378178168,0.188,219
1700013140000,689.775638434699578168,525.589296765378178168,0.188,220
1700013200000,702.811038155017018168,525.589296765378178168,0.188,221
1700013260000,700.627340238787378168,525.589296765378178168,0.188,222
1700013320000,700.601256487287858168,525.589296765378178168,0.188,223
1700013380000,707.800906186057738168,525.589296765378178168,0.188,224
1700013440000,704.124718104894698168,525.589296765378178168,0.188,225
1700013500000,712.816350253549498168,525.589296765378178168,0.188,226
1700013560000,700.740035753564898168,525.589296765378178168,0.188,227
1700013620000,716.998910773332258168,525.589296765378178168,0.188,228
1700013680000,706.636938328407986168,525.589296765378178168,0.188,229
1700013740000,707.645935958630058168,525.589296765378178168,0.188,230
1700013800000,714.378859918371570168,525.589296765378178168,0.188,231
1700013860000,704.953768046561698168,525.589296765378178168,0.188,232
1700013920000,711.701577883887418168,525.589296765378178168,0.188,233
1700013980000,696.809806157365258168,525.589296765378178168,0.188,234
1700014040000,707.958224997481826168,525.589296765378178168,0.188,235
1700014100000,692.308664540072546168,525.589296765378178168,0.188,236
1700014160000,702.944166723334538168,525.589296765378178168,0.188,237
1700014220000,700.713434732669650168,525.589296765378178168,0.188,238
1700014280000,694.136464150060358168,525.589296765378178168,0.188,239
1700014340000,686.398450452126578168,525.589296765378178168,0.188,240
1700014400000,678.471322476959706168,525.589296765378178168,0.188,241
1700014460000,680.599783922294898168,525.589296765378178168,0.188,242
1700014520000,679.802074756434418168,525.589296765378178168,0.188,243
1700014580000,666.251295544272218168,525.589296765378178168,0.188,244
1700014640000,659.698534453112458168,525.589296765378178168,0.188,245
1700014700000,657.255631178022778168,525.589296765378178168,0.188,246
1700014760000,10169.438014646231863528,10169.438014646231863528,0,247
1700014820000,10169.438014646231863528,10169.438014646231863528,0,248
1700014880000,10169.438014646231863528,10169.438014646231863528,0,249
1700014940000,10169.438014646231863528,10169.438014646231863528,0,250
1700015000000,10169.438014646231863528,10169.438014646231863528,0,251
1700015060000,10169.438014646231863528,10169.438014646231863528,0,252
1700015120000,10169.438014646231863528,10169.438014646231863528,0,253
1700015180000,10169.438014646231863528,10169.438014646231863528,0,254
1700015240000,10169.438014646231863528,10169.438014646231863528,0,255
1700015300000,10169.438014646231863528,10169.438014646231863528,0,256
1700015360000,10169.438014646231863528,10169.438014646231863528,0,257
1700015420000,10169.438014646231863528,10169.438014646231863528,0,258
1700015480000,10169.438014646231863528,10169.438014646231863528,0,259
1700015540000,10169.438014646231863528,10169.438014646231863528,0,260
1700015600000,10169.438014646231863528,10169.438014646231863528,0,261
1700015660000,10169.438014646231863528,10169.438014646231863528,0,262
1700015720000,10169.438014646231863528,10169.438014646231863528,0,263
1700015780000,10169.438014646231863528,10169.438014646231863528,0,264
1700015840000,10169.438014646231863528,10169.438014646231863528,0,265
1700015900000,10169.438014646231863528,10169.438014646231863528,0,266
1700015960000,10169.438014646231863528,10169.438014646231863528,0,267
1700016020000,10169.438014646231863528,10169.438014646231863528,0,268
1700016080000,10169.438014646231863528,10169.438014646231863528,0,269
1700016140000,10169.438014646231863528,10169.438014646231863528,0,270
1700016200000,10169.438014646231863528,10169.438014646231863528,0,271
1700016260000,10169.438014646231863528,10169.438014646231863528,0,272
1700016320000,10169.438014646231863528,10169.438014646231863528,0,273
1700016380000,10169.438014646231863528,10169.438014646231863528,0,274
1700016440000,10169.438014646231863528,10169.438014646231863528,0,275
1700016500000,10169.438014646231863528,10169.438014646231863528,0,276
1700016560000,10169.438014646231863528,10169.438014646231863528,0,277
1700016620000,10169.438014646231863528,10169.438014646231863528,0,278
1700016680000,10169.438014646231863528,10169.438014646231863528,0,279
1700016740000,10169.438014646231863528,10169.438014646231863528,0,280
1700016800000,10169.438014646231863528,10169.438014646231863528,0,281
1700016860000,10169.438014646231863528,10169.438014646231863528,0,282
1700016920000,10169.438014646231863528,10169.438014646231863528,0,283
1700016980000,10169.438014646231863528,10169.438014646231863528,0,284
1700017040000,10169.438014646231863528,10169.438014646231863528,0,285
1700017100000,10169.438014646231863528,10169.438014646231863528,0,286
1700017160000,10169.438014646231863528,10169.438014646231863528,0,287
1700017220000,10169.438014646231863528,10169.438014646231863528,0,288
1700017280000,10169.438014646231863528,10169.438014646231863528,0,289
1700017340000,533.940713702658674016,544.869432180109066016,0.188,290
1700017400000,556.333378086949282016,544.869432180109066016,0.188,291
1700017460000,556.350510598583674016,544.869432180109066016,0.188,292
1700017520000,564.220945456916874016,544.869432180109066016,0.188,293
1700017580000,569.927761561025794016,544.869432180109066016,0.188,294
1700017640000,562.879391633180954016,544.869432180109066016,0.188,295
1700017700000,571.515855449022106016,544.869432180109066016,0.188,296
1700017760000,579.666588789053674016,544.869432180109066016,0.188,297
1700017820000,593.753204256577834016,544.869432180109066016,0.188,298
1700017880000,591.934011594981274016,544.869432180109066016,0.188,299
1700017940000,599.458824379866826016,544.869432180109066016,0.188,300
1700018000000,617.986007328004234016,544.869432180109066016,0.188,301
1700018060000,616.622855947039034016,544.869432180109066016,0.188,302
1700018120000,622.547045755414354016,544.869432180109066016,0.188,303
1700018180000,629.969074001971554016,544.869432180109066016,0.188,304
1700018240000,633.710702011850074016,544.869432180109066016,0.188,305
1700018300000,651.760109905148394016,544.869432180109066016,0.188,306
1700018360000,659.263851032475754016,544.869432180109066016,0.188,307
1700018420000,654.171102276459506016,544.869432180109066016,0.188,308
1700018480000,665.491271932454482016,544.869432180109066016,0.188,309
1700018540000,662.956126956214154016,544.869432180109066016,0.188,310
1700018600000,684.629200422941194016,544.869432180109066016,0.188,311
1700018660000,681.879777168705394016,544.869432180109066016,0.188,312
1700018720000,680.987123970923594016,544.869432180109066016,0.188,313
1700018780000,685.299431752625834016,544.869432180109066016,0.188,314
1700018840000,691.954183836218794016,544.869432180109066016,0.188,315
1700018900000,709.576849409545466016,544.869432180109066016,0.188,316
1700018960000,710.166777917220474016,544.869432180109066016,0.188,317
1700019020000,703.935217141918974016,544.869432180109066016,0.188,318
1700019080000,705.311516114715162016,544.869432180109066016,0.188,319
1700019140000,707.817409179852202016,544.869432180109066016,0.188,320
1700019200000,715.175618111671354016,544.869432180109066016,0.188,321
1700019260000,719.914876204677554016,544.869432180109066016,0.188,322
1700019320000,721.357291657882394016,544.869432180109066016,0.188,323
1700019380000,729.740409689693994016,544.869432180109066016,0.188,324
1700019440000,732.627720892342474016,544.869432180109066016,0.188,325
1700019500000,727.954456878098194016,544.869432180109066016,0.188,326
1700019560000,730.642225313940034016,544.869432180109066016,0.188,327
1700019620000,738.509162589554034016,544.869432180109066016,0.188,328
1700019680000,734.904253326705674016,544.869432180109066016,0.188,329
1700019740000,728.411660026997234016,544.869432180109066016,0.188,330
1700019800000,723.867567202502474016,544.869432180109066016,0.188,331
1700019860000,722.533870026726874016,544.869432180109066016,0.188,332
1700019920000,733.300032466548706016,544.869432180109066016,0.188,333
1700019980000,729.319632130196574016,544.869432180109066016,0.188,334
1700020040000,731.573798410086074016,544.869432180109066016,0.188,335
1700020100000,721.433350347730114016,544.869432180109066016,0.188,336
1700020160000,721.228126289590474016,544.869432180109066016,0.188,337
1700020220000,706.886520460725434016,544.869432180109066016,0.188,338
1700020280000,719.876840357173034016,544.869432180109066016,0.188,339
1700020340000,700.981801051126834016,544.869432180109066016,0.188,340
1700020400000,705.819415207950394016,544.869432180109066016,0.188,341
1700020460000,696.807089753467954016,544.869432180109066016,0.188,342
1700020520000,703.740805711400814016,544.869432180109066016,0.188,343
1700020580000,700.162465432389322016,544.869432180109066016,0.188,344
1700020640000,683.265830475796714016,544.869432180109066016,0.188,345
1700020700000,679.890653604384234016,544.869432180109066016,0.188,346
1700020760000,682.081408075638074016,544.869432180109066016,0.188,347
1700020820000,10287.282871308190771496,10287.282871308190771496,0,348
1700020880000,10287.282871308190771496,10287.282871308190771496,0,349
1700020940000,10287.282871308190771496,10287.282871308190771496,0,350
1700021000000,10287.282871308190771496,10287.282871308190771496,0,351
1700021060000,10287.282871308190771496,10287.282871308190771496,0,352
1700021120000,10287.282871308190771496,10287.282871308190771496,0,353
1700021180000,10287.282871308190771496,10287.282871308190771496,0,354
1700021240000,10287.282871308190771496,10287.282871308190771496,0,355
1700021300000,10287.282871308190771496,10287.282871308190771496,0,356
1700021360000,10287.282871308190771496,10287.282871308190771496,0,357
1700021420000,10287.282871308190771496,10287.282871308190771496,0,358
1700021480000,10287.282871308190771496,10287.282871308190771496,0,359
1700021540000,10287.282871308190771496,10287.282871308190771496,0,360
1700021600000,10287.282871308190771496,10287.282871308190771496,0,361
1700021660000,10287.282871308190771496,10287.282871308190771496,0,362
1700021720000,10287.282871308190771496,10287.282871308190771496,0,363
1700021780000,10287.282871308190771496,10287.282871308190771496,0,364
1700021840000,10287.282871308190771496,10287.282871308190771496,0,365
1700021900000,10287.282871308190771496,10287.282871308190771496,0,366
1700021960000,10287.282871308190771496,10287.282871308190771496,0,367
1700022020000,10287.282871308190771496,10287.282871308190771496,0,368
1700022080000,10287.282871308190771496,10287.282871308190771496,0,369
1700022140000,10287.282871308190771496,10287.282871308190771496,0,370
1700022200000,10287.282871308190771496,10287.282871308190771496,0,371
1700022260000,10287.282871308190771496,10287.282871308190771496,0,372
1700022320000,10287.282871308190771496,10287.282871308190771496,0,373
1700022380000,10287.282871308190771496,10287.282871308190771496,0,374
1700022440000,10287.282871308190771496,10287.282871308190771496,0,375
1700022500000,10287.282871308190771496,10287.282871308190771496,0,376
1700022560000,10287.282871308190771496,10287.282871308190771496,0,377
1700022620000,10287.282871308190771496,10287.282871308190771496,0,378
1700022680000,10287.282871308190771496,10287.282871308190771496,0,379
1700022740000,10287.282871308190771496,10287.282871308190771496,0,380
1700022800000,10287.282871308190771496,10287.282871308190771496,0,381
1700022860000,10287.282871308190771496,10287.282871308190771496,0,382
1700022920000,10287.282871308190771496,10287.282871308190771496,0,383
1700022980000,10287.282871308190771496,10287.282871308190771496,0,384
1700023040000,10287.282871308190771496,10287.282871308190771496,0,385
1700023100000,10287.282871308190771496,10287.282871308190771496,0,386
1700023160000,10287.282871308190771496,10287.282871308190771496,0,387
1700023220000,10287.282871308190771496,10287.282871308190771496,0,388
1700023280000,10287.282871308190771496,10287.282871308190771496,0,389
1700023340000,525.177220522987687610,522.627987194833657610,0.189,390
1700023400000,534.491350118552236610,522.627987194833657610,0.189,391
1700023460000,544.756313865847171610,522.627987194833657610,0.189,392
1700023520000,545.834562281292631610,522.627987194833657610,0.189,393
1700023580000,549.841970310436066610,522.627987194833657610,0.189,394
1700023640000,560.487039937063411610,522.627987194833657610,0.189,395
1700023700000,558.076606528512271610,522.627987194833657610,0.189,396
1700023760000,566.275135596989935610,522.627987194833657610,0.189,397
1700023820000,573.070911072492487610,522.627987194833657610,0.189,398
1700023880000,582.248794278284851610,522.627987194833657610,0.189,399
1700023940000,593.899609219542931610,522.627987194833657610,0.189,400
1700024000000,588.212312679166081610,522.627987194833657610,0.189,401
1700024060000,610.825286622461341610,522.627987194833657610,0.189,402
1700024120000,604.442285769386551610,522.627987194833657610,0.189,403
1700024180000,609.716813791623241610,522.627987194833657610,0.189,404
1700024240000,626.795280436971496610,522.627987194833657610,0.189,405
1700024300000,633.593622819009577610,522.627987194833657610,0.189,406
1700024360000,640.632474742795105610,522.627987194833657610,0.189,407
1700024420000,651.018340617439351610,522.627987194833657610,0.189,408
1700024480000,640.411079119657591610,522.627987194833657610,0.189,409
1700024540000,657.162151557900475610,522.627987194833657610,0.189,410
1700024600000,652.139885579910277610,522.627987194833657610,0.189,411
1700024660000,674.953404124269127610,522.627987194833657610,0.189,412
1700024720000,673.938024195812611610,522.627987194833657610,0.189,413
1700024780000,678.268615624921255610,522.627987194833657610,0.189,414
1700024840000,688.825721852458411610,522.627987194833657610,0.189,415
1700024900000,691.549712020577596610,522.627987194833657610,0.189,416
1700024960000,692.843662932233971610,522.627987194833657610,0.189,417
1700025020000,691.643920235024551610,522.627987194833657610,0.189,418
1700025080000,694.415870796610246610,522.627987194833657610,0.189,419
1700025140000,705.530441554131001610,522.627987194833657610,0.189,420
1700025200000,712.775482396147741610,522.627987194833657610,0.189,421
1700025260000,714.992881760256271610,522.627987194833657610,0.189,422
1700025320000,718.134857393290726610,522.627987194833657610,0.189,423
1700025380000,709.233672165920311610,522.627987194833657610,0.189,424
1700025440000,717.658200563645821610,522.627987194833657610,0.189,425
1700025500000,717.904573510786141610,522.627987194833657610,0.189,426
1700025560000,705.760531119308641610,522.627987194833657610,0.189,427
1700025620000,717.156392789979517610,522.627987194833657610,0.189,428
1700025680000,721.947919517131801610,522.627987194833657610,0.189,429
1700025740000,722.419493096240986610,522.627987194833657610,0.189,430
1700025800000,712.764945993013771610,522.627987194833657610,0.189,431
1700025860000,710.983701033521521610,522.627987194833657610,0.189,432
1700025920000,710.476828810650157610,522.627987194833657610,0.189,433
1700025980000,712.237536367084291610,522.627987194833657610,0.189,434
1700026040000,702.611764016629261610,522.627987194833657610,0.189,435
1700026100000,709.157549806833901610,522.627987194833657610,0.189,436
1700026160000,702.895189949751901610,522.627987194833657610,0.189,437
1700026220000,697.743481511055361610,522.627987194833657610,0.189,438
1700026280000,701.068360157009905610,522.627987194833657610,0.189,439
1700026340000,694.488766220759731610,522.627987194833657610,0.189,440
1700026400000,684.461291418972211610,522.627987194833657610,0.189,441
1700026460000,679.000458334014121610,522.627987194833657610,0.189,442
1700026520000,671.523879112870711610,522.627987194833657610,0.189,443
1700026580000,679.208232526648717610,522.627987194833657610,0.189,444
1700026640000,668.572164264695485610,522.627987194833657610,0.189,445
1700026700000,658.525997125526611610,522.627987194833657610,0.189,446
1700026760000,10403.535183260694576770,10403.535183260694576770,0,447
1700026820000,10403.535183260694576770,10403.535183260694576770,0,448
1700026880000,10403.535183260694576770,10403.535183260694576770,0,449
1700026940000,10403.535183260694576770,10403.535183260694576770,0,450
1700027000000,10403.535183260694576770,10403.535183260694576770,0,451
1700027060000,10403.535183260694576770,10403.535183260694576770,0,452
1700027120000,10403.535183260694576770,10403.535183260694576770,0,453
1700027180000,10403.535183260694576770,10403.535183260694576770,0,454
1700027240000,10403.535183260694576770,10403.535183260694576770,0,455
1700027300000,10403.535183260694576770,10403.535183260694576770,0,456
1700027360000,10403.535183260694576770,10403.535183260694576770,0,457
1700027420000,10403.535183260694576770,10403.535183260694576770,0,458
1700027480000,10403.535183260694576770,10403.535183260694576770,0,459
1700027540000,10403.535183260694576770,10403.535183260694576770,0,460
1700027600000,10403.535183260694576770,10403.535183260694576770,0,461
1700027660000,10403.535183260694576770,10403.535183260694576770,0,462
1700027720000,10403.535183260694576770,10403.535183260694576770,0,463
1700027780000,10403.535183260694576770,10403.535183260694576770,0,464
1700027840000,10403.535183260694576770,10403.535183260694576770,0,465
1700027900000,10403.535183260694576770,10403.535183260694576770,0,466
1700027960000,10403.535183260694576770,10403.535183260694576770,0,467
1700028020000,10403.535183260694576770,10403.535183260694576770,0,468
1700028080000,10403.535183260694576770,10403.535183260694576770,0,469
1700028140000,10403.535183260694576770,10403.535183260694576770,0,470
1700028200000,10403.535183260694576770,10403.535183260694576770,0,471
1700028260000,10403.535183260694576770,10403.535183260694576770,0,472
1700028320000,10403.535183260694576770,10403.535183260694576770,0,473
1700028380000,10403.535183260694576770,10403.535183260694576770,0,474
1700028440000,10403.535183260694576770,10403.535183260694576770,0,475
1700028500000,10403.535183260694576770,10403.535183260694576770,0,476
1700028560000,10403.535183260694576770,10403.535183260694576770,0,477
1700028620000,10403.535183260694576770,10403.535183260694576770,0,478
1700028680000,10403.535183260694576770,10403.535183260694576770,0,479
1700028740000,10403.535183260694576770,10403.535183260694576770,0,480
1700028800000,10403.535183260694576770,10403.535183260694576770,0,481
1700028860000,10403.535183260694576770,10403.535183260694576770,0,482
1700028920000,10403.535183260694576770,10403.535183260694576770,0,483
1700028980000,10403.535183260694576770,10403.535183260694576770,0,484
1700029040000,10403.535183260694576770,10403.535183260694576770,0,485
1700029100000,10403.535183260694576770,10403.535183260694576770,0,486
1700029160000,10403.535183260694576770,10403.535183260694576770,0,487
1700029220000,10403.535183260694576770,10403.535183260694576770,0,488
1700029280000,10403.535183260694576770,10403.535183260694576770,0,489
1700029340000,550.527585207108256010,542.050740454948066010,0.189,490
1700029400000,542.769840368147566010,542.050740454948066010,0.189,491
1700029460000,549.338528368094086010,542.050740454948066010,0.189,492
1700029520000,562.245338420583166010,542.050740454948066010,0.189,493
1700029580000,573.824850144745366010,542.050740454948066010,0.189,494
1700029640000,579.005198564493826010,542.050740454948066010,0.189,495
1700029700000,571.573342041489136010,542.050740454948066010,0.189,496
1700029760000,582.077729143503550010,542.050740454948066010,0.189,497
1700029820000,594.820583234268922010,542.050740454948066010,0.189,498
1700029880000,600.312077048260261010,542.050740454948066010,0.189,499
1700029940000,598.694448851463880010,542.050740454948066010,0.189,500
1700030000000,616.516978849619896010,542.050740454948066010,0.189,501
1700030060000,627.385147822135576010,542.050740454948066010,0.189,502
1700030120000,620.839278661292326010,542.050740454948066010,0.189,503
1700030180000,638.887872003216940010,542.050740454948066010,0.189,504
1700030240000,641.782707809386366010,542.050740454948066010,0.189,505
1700030300000,645.174237539425726010,542.050740454948066010,0.189,506
1700030360000,662.797236686415382010,542.050740454948066010,0.189,507
1700030420000,666.846553060864756010,542.050740454948066010,0.189,508
1700030480000,673.027550430826996010,542.050740454948066010,0.189,509
1700030540000,680.555788468211746010,542.050740454948066010,0.189,510
1700030600000,669.127664071342846010,542.050740454948066010,0.189,511
1700030660000,674.421604755023782010,542.050740454948066010,0.189,512
1700030720000,692.346053439411076010,542.050740454948066010,0.189,513
1700030780000,695.393442531465166010,542.050740454948066010,0.189,514
1700030840000,689.719078341254611010,542.050740454948066010,0.189,515
1700030900000,704.721201125251960010,542.050740454948066010,0.189,516
1700030960000,714.261297261034396010,542.050740454948066010,0.189,517
1700031020000,712.209040961430340010,542.050740454948066010,0.189,518
1700031080000,706.937484590479036010,542.050740454948066010,0.189,519
1700031140000,710.565482325894796010,542.050740454948066010,0.189,520
1700031200000,722.008055161089766010,542.050740454948066010,0.189,521
1700031260000,730.574102437016536010,542.050740454948066010,0.189,522
1700031320000,719.585625137636746010,542.050740454948066010,0.189,523
1700031380000,737.813147339485846010,542.050740454948066010,0.189,524
1700031440000,730.631162222323921010,542.050740454948066010,0.189,525
1700031500000,740.058595811302186010,542.050740454948066010,0.189,526
1700031560000,727.480447791559930010,542.050740454948066010,0.189,527
1700031620000,732.955214933302906010,542.050740454948066010,0.189,528
1700031680000,741.312915648917590010,542.050740454948066010,0.189,529
1700031740000,727.252748544286432010,542.050740454948066010,0.189,530
1700031800000,723.675191820054256010,542.050740454948066010,0.189,531
1700031860000,726.026534746085656010,542.050740454948066010,0.189,532
1700031920000,737.166922778559286010,542.050740454948066010,0.189,533
1700031980000,718.072674376793896010,542.050740454948066010,0.189,534
1700032040000,719.222897766999331010,542.050740454948066010,0.189,535
1700032100000,727.301110428780481010,542.050740454948066010,0.189,536
1700032160000,715.605529528029286010,542.050740454948066010,0.189,537
1700032220000,712.550614340153350010,542.050740454948066010,0.189,538
1700032280000,720.672913832436172010,542.050740454948066010,0.189,539
1700032340000,702.944913491491096010,542.050740454948066010,0.189,540
1700032400000,699.636411232963210010,542.050740454948066010,0.189,541
1700032460000,709.544289632299246010,542.050740454948066010,0.189,542
1700032520000,690.512121394414696010,542.050740454948066010,0.189,543
1700032580000,686.994768613381276010,542.050740454948066010,0.189,544
1700032640000,693.466786546575166010,542.050740454948066010,0.189,545
1700032700000,680.254112432551096010,542.050740454948066010,0.189,546
1700032760000,10521.897086246328502220,10521.897086246328502220,0,547
1700032820000,10521.897086246328502220,10521.897086246328502220,0,548
1700032880000,10521.897086246328502220,10521.897086246328502220,0,549
1700032940000,10521.897086246328502220,10521.897086246328502220,0,550
1700033000000,10521.897086246328502220,10521.897086246328502220,0,551
1700033060000,10521.897086246328502220,10521.897086246328502220,0,552
1700033120000,10521.897086246328502220,10521.897086246328502220,0,553
1700033180000,10521.897086246328502220,10521.897086246328502220,0,554
1700033240000,10521.897086246328502220,10521.897086246328502220,0,555
1700033300000,10521.897086246328502220,10521.897086246328502220,0,556
1700033360000,10521.897086246328502220,10521.897086246328502220,0,557
1700033420000,10521.897086246328502220,10521.897086246328502220,0,558
1700033480000,10521.897086246328502220,10521.897086246328502220,0,559
1700033540000,10521.897086246328502220,10521.897086246328502220,0,560
1700033600000,10521.897086246328502220,10521.897086246328502220,0,561
1700033660000,10521.897086246328502220,10521.897086246328502220,0,562
1700033720000,10521.897086246328502220,10521.897086246328502220,0,563
1700033780000,10521.897086246328502220,10521.897086246328502220,0,564
1700033840000,10521.897086246328502220,10521.897086246328502220,0,565
1700033900000,10521.897086246328502220,10521.897086246328502220,0,566
1700033960000,10521.897086246328502220,10521.897086246328502220,0,567
1700034020000,10521.897086246328502220,10521.897086246328502220,0,568
1700034080000,10521.897086246328502220,10521.897086246328502220,0,569
1700034140000,10521.897086246328502220,10521.897086246328502220,0,570
1700034200000,10521.897086246328502220,10521.897086246328502220,0,571
1700034260000,10521.897086246328502220,10521.897086246328502220,0,572
1700034320000,10521.897086246328502220,10521.897086246328502220,0,573
1700034380000,10521.897086246328502220,10521.897086246328502220,0,574
1700034440000,10521.897086246328502220,10521.897086246328502220,0,575
1700034500000,10521.897086246328502220,10521.897086246328502220,0,576
1700034560000,10521.897086246328502220,10521.897086246328502220,0,577
1700034620000,10521.897086246328502220,10521.897086246328502220,0,578
1700034680000,10521.897086246328502220,10521.897086246328502220,0,579
1700034740000,10521.897086246328502220,10521.897086246328502220,0,580
1700034800000,10521.897086246328502220,10521.897086246328502220,0,581
1700034860000,10521.897086246328502220,10521.897086246328502220,0,582
1700034920000,10521.897086246328502220,10521.897086246328502220,0,583
1700034980000,10521.897086246328502220,10521.897086246328502220,0,584
1700035040000,10521.897086246328502220,10521.897086246328502220,0,585
1700035100000,10521.897086246328502220,10521.897086246328502220,0,586
1700035160000,10521.897086246328502220,10521.897086246328502220,0,587
1700035220000,10521.897086246328502220,10521.897086246328502220,0,588
1700035280000,10521.897086246328502220,10521.897086246328502220,0,589
1700035340000,562.825197196177782584,565.348422601152273584,0.189,590
1700035400000,571.874496498753951584,565.348422601152273584,0.189,591
1700035460000,570.649645644159801584,565.348422601152273584,0.189,592
1700035520000,585.160242503797911584,565.348422601152273584,0.189,593
1700035580000,584.015978335382067584,565.348422601152273584,0.189,594
1700035640000,602.055950084293242584,565.348422601152273584,0.189,595
1700035700000,602.482210541040297584,565.348422601152273584,0.189,596
1700035760000,599.306157925848687584,565.348422601152273584,0.189,597
1700035820000,612.773910360391233584,565.348422601152273584,0.189,598
1700035880000,629.032302609134682584,565.348422601152273584,0.189,599
1700035940000,635.687547680865567584,565.348422601152273584,0.189,600
1700036000000,638.402385932808951584,565.348422601152273584,0.189,601
1700036060000,639.489540891324423584,565.348422601152273584,0.189,602
1700036120000,651.852261121072647584,565.348422601152273584,0.189,603
1700036180000,657.903224970236181584,565.348422601152273584,0.189,604
1700036240000,657.951703926198492584,565.348422601152273584,0.189,605
1700036300000,674.271139243877832584,565.348422601152273584,0.189,606
1700036360000,685.098944185129347584,565.348422601152273584,0.189,607
1700036420000,678.005058353024163584,565.348422601152273584,0.189,608
1700036480000,683.246335605800637584,565.348422601152273584,0.189,609
1700036540000,698.281804383367287584,565.348422601152273584,0.189,610
1700036600000,704.126408545944957584,565.348422601152273584,0.189,611
1700036660000,713.269518879338427584,565.348422601152273584,0.189,612
1700036720000,714.852792607452267584,565.348422601152273584,0.189,613
1700036780000,719.917248270171657584,565.348422601152273584,0.189,614
1700036840000,713.268408515706777584,565.348422601152273584,0.189,615
1700036900000,728.871743619696081584,565.348422601152273584,0.189,616
1700036960000,733.986677297275527584,565.348422601152273584,0.189,617
1700037020000,725.654226676632987584,565.348422601152273584,0.189,618
1700037080000,738.595740496969767584,565.348422601152273584,0.189,619
1700037140000,746.675270376925287584,565.348422601152273584,0.189,620
1700037200000,751.836440851646457584,565.348422601152273584,0.189,621
1700037260000,751.215428661563067584,565.348422601152273584,0.189,622
1700037320000,751.793171865741417584,565.348422601152273584,0.189,623
1700037380000,743.501391077362287584,565.348422601152273584,0.189,624
1700037440000,760.781324196069231584,565.348422601152273584,0.189,625
1700037500000,754.024409563095327584,565.348422601152273584,0.189,626
1700037560000,763.581146923880067584,565.348422601152273584,0.189,627
1700037620000,755.009049120167127584,565.348422601152273584,0.189,628
1700037680000,759.095459772085407584,565.348422601152273584,0.189,629
1700037740000,762.608024160086397584,565.348422601152273584,0.189,630
1700037800000,755.032649009504277584,565.348422601152273584,0.189,631
1700037860000,751.218068990523567584,565.348422601152273584,0.189,632
1700037920000,746.437453735619127584,565.348422601152273584,0.189,633
1700037980000,744.935857854342762584,565.348422601152273584,0.189,634
1700038040000,755.979891441527577584,565.348422601152273584,0.189,635
1700038100000,745.919156009538237584,565.348422601152273584,0.189,636
1700038160000,751.794513748270257584,565.348422601152273584,0.189,637
1700038220000,733.680099686733807584,565.348422601152273584,0.189,638
1700038280000,736.169452372011027584,565.348422601152273584,0.189,639
1700038340000,739.965420817968477584,565.348422601152273584,0.189,640
1700038400000,735.918949396698717584,565.348422601152273584,0.189,641
1700038460000,729.104865594932217584,565.348422601152273584,0.189,642
1700038520000,713.599873628716857584,565.348422601152273584,0.189,643
1700038580000,718.006194345808857584,565.348422601152273584,0.189,644
1700038640000,710.158687394346147584,565.348422601152273584,0.189,645
1700038700000,698.708643217176297584,565.348422601152273584,0.189,646
1700038760000,10635.230742518569316924,10635.230742518569316924,0,647
1700038820000,10635.230742518569316924,10635.230742518569316924,0,648
1700038880000,10635.230742518569316924,10635.230742518569316924,0,649
1700038940000,10635.230742518569316924,10635.230742518569316924,0,650
1700039000000,10635.230742518569316924,10635.230742518569316924,0,651
1700039060000,10635.230742518569316924,10635.230742518569316924,0,652
1700039120000,10635.230742518569316924,10635.230742518569316924,0,653
1700039180000,10635.230742518569316924,10635.230742518569316924,0,654
1700039240000,10635.230742518569316924,10635.230742518569316924,0,655
1700039300000,10635.230742518569316924,10635.230742518569316924,0,656
1700039360000,10635.230742518569316924,10635.230742518569316924,0,657
1700039420000,10635.230742518569316924,10635.230742518569316924,0,658
1700039480000,10635.230742518569316924,10635.230742518569316924,0,659
1700039540000,10635.230742518569316924,10635.230742518569316924,0,660
1700039600000,10635.230742518569316924,10635.230742518569316924,0,661
1700039660000,10635.230742518569316924,10635.230742518569316924,0,662
1700039720000,10635.230742518569316924,10635.230742518569316924,0,663
1700039780000,10635.230742518569316924,10635.230742518569316924,0,664
1700039840000,10635.230742518569316924,10635.230742518569316924,0,665
1700039900000,10635.230742518569316924,10635.230742518569316924,0,666
1700039960000,10635.230742518569316924,10635.230742518569316924,0,667
1700040020000,10635.230742518569316924,10635.230742518569316924,0,668
1700040080000,10635.230742518569316924,10635.230742518569316924,0,669
1700040140000,10635.230742518569316924,10635.230742518569316924,0,670
1700040200000,10635.230742518569316924,10635.230742518569316924,0,671
1700040260000,10635.230742518569316924,10635.230742518569316924,0,672
1700040320000,10635.230742518569316924,10635.230742518569316924,0,673
1700040380000,10635.230742518569316924,10635.230742518569316924,0,674
1700040440000,10635.230742518569316924,10635.230742518569316924,0,675
1700040500000,10635.230742518569316924,10635.230742518569316924,0,676
1700040560000,10635.230742518569316924,10635.230742518569316924,0,677
1700040620000,10635.230742518569316924,10635.230742518569316924,0,678
1700040680000,10635.230742518569316924,10635.230742518569316924,0,679
1700040740000,10635.230742518569316924,10635.230742518569316924,0,680
1700040800000,10635.230742518569316924,10635.230742518569316924,0,681
1700040860000,10635.230742518569316924,10635.230742518569316924,0,682
1700040920000,10635.230742518569316924,10635.230742518569316924,0,683
1700040980000,10635.230742518569316924,10635.230742518569316924,0,684
1700041040000,10635.230742518569316924,10635.230742518569316924,0,685
1700041100000,10635.230742518569316924,10635.230742518569316924,0,686
1700041160000,10635.230742518569316924,10635.230742518569316924,0,687
1700041220000,10635.230742518569316924,10635.230742518569316924,0,688
1700041280000,10635.230742518569316924,10635.230742518569316924,0,689
1700041340000,10635.230742518569316924,10635.230742518569316924,0,690
1700041400000,529.219548648205225374,529.525323577445775374,0.190,691
1700041460000,536.644431956780925374,529.525323577445775374,0.190,692
1700041520000,541.019017259355665374,529.525323577445775374,0.190,693
1700041580000,559.322441650158725374,529.525323577445775374,0.190,694
1700041640000,564.389751670828075374,529.525323577445775374,0.190,695
1700041700000,558.024101935026225374,529.525323577445775374,0.190,696
1700041760000,565.330821729017665374,529.525323577445775374,0.190,697
1700041820000,573.731844093634525374,529.525323577445775374,0.190,698
1700041880000,580.030757257410625374,529.525323577445775374,0.190,699
1700041940000,590.596253458934025374,529.525323577445775374,0.190,700
1700042000000,608.031575774727525374,529.525323577445775374,0.190,701
1700042060000,596.703846359291665374,529.525323577445775374,0.190,702
1700042120000,621.291363131910625374,529.525323577445775374,0.190,703
1700042180000,627.598448283025925374,529.525323577445775374,0.190,704
1700042240000,625.106075465045725374,529.525323577445775374,0.190,705
1700042300000,630.193660874920425374,529.525323577445775374,0.190,706
1700042360000,642.144408105895325374,529.525323577445775374,0.190,707
1700042420000,644.303343481370725374,529.525323577445775374,0.190,708
1700042480000,649.151975448635685374,529.525323577445775374,0.190,709
1700042540000,659.331491705543425374,529.525323577445775374,0.190,710
1700042600000,658.493857474058825374,529.525323577445775374,0.190,711
1700042660000,674.219404588789325374,529.525323577445775374,0.190,712
1700042720000,669.305226026397325374,529.525323577445775374,0.190,713
1700042780000,677.147271884144425374,529.525323577445775374,0.190,714
1700042840000,678.035295956421985374,529.525323577445775374,0.190,715
1700042900000,682.360879015273825374,529.525323577445775374,0.190,716
1700042960000,692.627995717647025374,529.525323577445775374,0.190,717
1700043020000,701.311859745248125374,529.525323577445775374,0.190,718
1700043080000,694.159512069187725374,529.525323577445775374,0.190,719
1700043140000,714.614015677305825374,529.525323577445775374,0.190,720
1700043200000,704.817266919125525374,529.525323577445775374,0.190,721
1700043260000,702.050687301063725374,529.525323577445775374,0.190,722
1700043320000,708.277751447600925374,529.525323577445775374,0.190,723
1700043380000,719.562601812400725374,529.525323577445775374,0.190,724
1700043440000,711.074006764086325374,529.525323577445775374,0.190,725
1700043500000,725.594211452939025374,529.525323577445775374,0.190,726
1700043560000,721.814202104953325374,529.525323577445775374,0.190,727
1700043620000,716.662540600506725374,529.525323577445775374,0.190,728
1700043680000,713.959009071287525374,529.525323577445775374,0.190,729
1700043740000,713.193462295607625374,529.525323577445775374,0.190,730
1700043800000,725.790021156210625374,529.525323577445775374,0.190,731
1700043860000,718.987125988059825374,529.525323577445775374,0.190,732
1700043920000,719.880233134000965374,529.525323577445775374,0.190,733
1700043980000,709.780010869169225374,529.525323577445775374,0.190,734
1700044040000,716.973361759654525374,529.525323577445775374,0.190,735
1700044100000,715.225966008079825374,529.525323577445775374,0.190,736
1700044160000,702.977574218276175374,529.525323577445775374,0.190,737
1700044220000,695.457267307946625374,529.525323577445775374,0.190,738
1700044280000,691.267470447968025374,529.525323577445775374,0.190,739
1700044340000,688.264990215612365374,529.525323577445775374,0.190,740
1700044400000,691.064243862432825374,529.525323577445775374,0.190,741
1700044460000,687.728471735304225374,529.525323577445775374,0.190,742
1700044520000,687.203691848053075374,529.525323577445775374,0.190,743
1700044580000,682.817256701886265374,529.525323577445775374,0.190,744
1700044640000,675.909162011880025374,529.525323577445775374,0.190,745
1700044700000,663.653180182099625374,529.525323577445775374,0.190,746
1700044760000,10749.033251648354529974,10749.033251648354529974,0,747
1700044820000,10749.033251648354529974,10749.033251648354529974,0,748
1700044880000,10749.033251648354529974,10749.033251648354529974,0,749
1700044940000,10749.033251648354529974,10749.033251648354529974,0,750
1700045000000,10749.033251648354529974,10749.033251648354529974,0,751
1700045060000,10749.033251648354529974,10749.033251648354529974,0,752
1700045120000,10749.033251648354529974,10749.033251648354529974,0,753
1700045180000,10749.033251648354529974,10749.033251648354529974,0,754
1700045240000,10749.033251648354529974,10749.033251648354529974,0,755
1700045300000,10749.033251648354529974,10749.033251648354529974,0,756
1700045360000,10749.033251648354529974,10749.033251648354529974,0,757
1700045420000,10749.033251648354529974,10749.033251648354529974,0,758
1700045480000,10749.033251648354529974,10749.033251648354529974,0,759
1700045540000,10749.033251648354529974,10749.033251648354529974,0,760
1700045600000,10749.033251648354529974,10749.033251648354529974,0,761
1700045660000,10749.033251648354529974,10749.033251648354529974,0,762
1700045720000,10749.033251648354529974,10749.033251648354529974,0,763
1700045780000,10749.033251648354529974,10749.033251648354529974,0,764
1700045840000,10749.033251648354529974,10749.033251648354529974,0,765
1700045900000,10749.033251648354529974,10749.033251648354529974,0,766
1700045960000,10749.033251648354529974,10749.033251648354529974,0,767
1700046020000,10749.033251648354529974,10749.033251648354529974,0,768
1700046080000,10749.033251648354529974,10749.033251648354529974,0,769
1700046140000,10749.033251648354529974,10749.033251648354529974,0,770
1700046200000,10749.033251648354529974,10749.033251648354529974,0,771
1700046260000,10749.033251648354529974,10749.033251648354529974,0,772
1700046320000,10749.033251648354529974,10749.033251648354529974,0,773
1700046380000,10749.033251648354529974,10749.033251648354529974,0,774
1700046440000,10749.033251648354529974,10749.033251648354529974,0,775
1700046500000,10749.033251648354529974,10749.033251648354529974,0,776
1700046560000,10749.033251648354529974,10749.033251648354529974,0,777
1700046620000,10749.033251648354529974,10749.033251648354529974,0,778
1700046680000,10749.033251648354529974,10749.033251648354529974,0,779
1700046740000,10749.033251648354529974,10749.033251648354529974,0,780
1700046800000,10749.033251648354529974,10749.033251648354529974,0,781
1700046860000,10749.033251648354529974,10749.033251648354529974,0,782
1700046920000,10749.033251648354529974,10749.033251648354529974,0,783
1700046980000,10749.033251648354529974,10749.033251648354529974,0,784
1700047040000,10749.033251648354529974,10749.033251648354529974,0,785
1700047100000,10749.033251648354529974,10749.033251648354529974,0,786
1700047160000,10749.033251648354529974,10749.033251648354529974,0,787
1700047220000,10749.033251648354529974,10749.033251648354529974,0,788
1700047280000,10749.033251648354529974,10749.033251648354529974,0,789
1700047340000,571.766158842756005114,558.840235678783065114,0.190,790
1700047400000,581.792305513323345114,558.840235678783065114,0.190,791
1700047460000,586.674980482695305114,558.840235678783065114,0.190,792
1700047520000,593.622749633667805114,558.840235678783065114,0.190,793
1700047580000,582.778331890467305114,558.840235678783065114,0.190,794
1700047640000,600.066988619719705114,558.840235678783065114,0.190,795
1700047700000,603.539613881571905114,558.840235678783065114,0.190,796
1700047760000,607.972875417710305114,558.840235678783065114,0.190,797
1700047820000,610.512894745879905114,558.840235678783065114,0.190,798
1700047880000,630.766634318407005114,558.840235678783065114,0.190,799
1700047940000,627.880350703036855114,558.840235678783065114,0.190,800
1700048000000,630.757734690157805114,558.840235678783065114,0.190,801
1700048060000,641.635354185919205114,558.840235678783065114,0.190,802
1700048120000,658.869803449944255114,558.840235678783065114,0.190,803
1700048180000,655.144838254627755114,558.840235678783065114,0.190,804
1700048240000,668.715660577760105114,558.840235678783065114,0.190,805
1700048300000,668.662530090590105114,558.840235678783065114,0.190,806
1700048360000,670.757861703186805114,558.840235678783065114,0.190,807
1700048420000,693.201719193470455114,558.840235678783065114,0.190,808
1700048480000,699.053815844265505114,558.840235678783065114,0.190,809
1700048540000,707.580116491009405114,558.840235678783065114,0.190,810
1700048600000,698.505344642132905114,558.840235678783065114,0.190,811
1700048660000,716.258026836289605114,558.840235678783065114,0.190,812
1700048720000,718.850661815410305114,558.840235678783065114,0.190,813
1700048780000,713.141585703405805114,558.840235678783065114,0.190,814
1700048840000,727.751845802885455114,558.840235678783065114,0.190,815
1700048900000,737.791982311593055114,558.840235678783065114,0.190,816
1700048960000,729.664880946687355114,558.840235678783065114,0.190,817
1700049020000,733.623618440502705114,558.840235678783065114,0.190,818
1700049080000,735.789367719176005114,558.840235678783065114,0.190,819
1700049140000,748.849772851032105114,558.840235678783065114,0.190,820
1700049200000,752.242856723173265114,558.840235678783065114,0.190,821
1700049260000,757.174541225977605114,558.840235678783065114,0.190,822
1700049320000,747.374887199748005114,558.840235678783065114,0.190,823
1700049380000,755.965951750615105114,558.840235678783065114,0.190,824
1700049440000,756.290357332264365114,558.840235678783065114,0.190,825
1700049500000,764.678442267474045114,558.840235678783065114,0.190,826
1700049560000,750.366933896190005114,558.840235678783065114,0.190,827
1700049620000,751.188808524838455114,558.840235678783065114,0.190,828
1700049680000,757.499520922076105114,558.840235678783065114,0.190,829
1700049740000,749.922880220001205114,558.840235678783065114,0.190,830
1700049800000,758.295020821770705114,558.840235678783065114,0.190,831
1700049860000,748.463916100196865114,558.840235678783065114,0.190,832
1700049920000,752.665992202533105114,558.840235678783065114,0.190,833
1700049980000,744.024543559213605114,558.840235678783065114,0.190,834
1700050040000,758.844571613922005114,558.840235678783065114,0.190,835
1700050100000,740.557938649422605114,558.840235678783065114,0.190,836
1700050160000,747.831325438219305114,558.840235678783065114,0.190,837
1700050220000,741.103549349734605114,558.840235678783065114,0.190,838
1700050280000,734.748962378003965114,558.840235678783065114,0.190,839
1700050340000,735.068140335246305114,558.840235678783065114,0.190,840
1700050400000,735.526630579503105114,558.840235678783065114,0.190,841
1700050460000,724.102356263479305114,558.840235678783065114,0.190,842
1700050520000,725.175348919652005114,558.840235678783065114,0.190,843
1700050580000,716.682188319175845114,558.840235678783065114,0.190,844
1700050640000,714.900244095360965114,558.840235678783065114,0.190,845
1700050700000,704.782611215280605114,558.840235678783065114,0.190,846
1700050760000,10874.469658803382362714,10874.469658803382362714,0,847
1700050820000,10874.469658803382362714,10874.469658803382362714,0,848
1700050880000,10874.469658803382362714,10874.469658803382362714,0,849
1700050940000,10874.469658803382362714,10874.469658803382362714,0,850
1700051000000,10874.469658803382362714,10874.469658803382362714,0,851
1700051060000,10874.469658803382362714,10874.469658803382362714,0,852
1700051120000,10874.469658803382362714,10874.469658803382362714,0,853
1700051180000,10874.469658803382362714,10874.469658803382362714,0,854
1700051240000,10874.469658803382362714,10874.469658803382362714,0,855
1700051300000,10874.469658803382362714,10874.469658803382362714,0,856
1700051360000,10874.469658803382362714,10874.469658803382362714,0,857
1700051420000,10874.469658803382362714,10874.469658803382362714,0,858
1700051480000,10874.469658803382362714,10874.469658803382362714,0,859
1700051540000,10874.469658803382362714,10874.469658803382362714,0,860
1700051600000,10874.469658803382362714,10874.469658803382362714,0,861
1700051660000,10874.469658803382362714,10874.469658803382362714,0,862
1700051720000,10874.469658803382362714,10874.469658803382362714,0,863
1700051780000,10874.469658803382362714,10874.469658803382362714,0,864
1700051840000,10874.469658803382362714,10874.469658803382362714,0,865
1700051900000,10874.469658803382362714,10874.469658803382362714,0,866
1700051960000,10874.469658803382362714,10874.469658803382362714,0,867
1700052020000,10874.469658803382362714,10874.469658803382362714,0,868
1700052080000,10874.469658803382362714,10874.469658803382362714,0,869
1700052140000,10874.469658803382362714,10874.469658803382362714,0,870
1700052200000,10874.469658803382362714,10874.469658803382362714,0,871
1700052260000,10874.469658803382362714,10874.469658803382362714,0,872
1700052320000,10874.469658803382362714,10874.469658803382362714,0,873
1700052380000,10874.469658803382362714,10874.469658803382362714,0,874
1700052440000,10874.469658803382362714,10874.469658803382362714,0,875
1700052500000,10874.469658803382362714,10874.469658803382362714,0,876
1700052560000,10874.469658803382362714,10874.469658803382362714,0,877
1700052620000,10874.469658803382362714,10874.469658803382362714,0,878
1700052680000,10874.469658803382362714,10874.469658803382362714,0,879
1700052740000,10874.469658803382362714,10874.469658803382362714,0,880
1700052800000,10874.469658803382362714,10874.469658803382362714,0,881
1700052860000,10874.469658803382362714,10874.469658803382362714,0,882
1700052920000,10874.469658803382362714,10874.469658803382362714,0,883
1700052980000,10874.469658803382362714,10874.469658803382362714,0,884
1700053040000,10874.469658803382362714,10874.469658803382362714,0,885
1700053100000,10874.469658803382362714,10874.469658803382362714,0,886
1700053160000,10874.469658803382362714,10874.469658803382362714,0,887
1700053220000,10874.469658803382362714,10874.469658803382362714,0,888
1700053280000,10874.469658803382362714,10874.469658803382362714,0,889
1700053340000,543.678579258832670454,535.769071270817855454,0.191,890
1700053400000,545.745582282160819454,535.769071270817855454,0.191,891
1700053460000,564.010267513866125454,535.769071270817855454,0.191,892
1700053520000,557.924287624152935454,535.769071270817855454,0.191,893
1700053580000,578.265921182627665454,535.769071270817855454,0.191,894
1700053640000,585.471302701751695454,535.769071270817855454,0.191,895
1700053700000,577.204368319111995454,535.769071270817855454,0.191,896
1700053760000,594.433600810042111454,535.769071270817855454,0.191,897
1700053820000,587.856294140026875454,535.769071270817855454,0.191,898
1700053880000,597.453475294685615454,535.769071270817855454,0.191,899
1700053940000,616.182915651057595454,535.769071270817855454,0.191,900
1700054000000,619.460939049189525454,535.769071270817855454,0.191,901
1700054060000,623.089392783914105454,535.769071270817855454,0.191,902
1700054120000,637.569338677836479454,535.769071270817855454,0.191,903
1700054180000,628.548137050868195454,535.769071270817855454,0.191,904
1700054240000,646.417925500801205454,535.769071270817855454,0.191,905
1700054300000,659.338482094975270454,535.769071270817855454,0.191,906
1700054360000,653.444221391838375454,535.769071270817855454,0.191,907
1700054420000,663.044387414622825454,535.769071270817855454,0.191,908
1700054480000,679.829652198879265454,535.769071270817855454,0.191,909
1700054540000,683.288421954065515454,535.769071270817855454,0.191,910
1700054600000,691.181644260395545454,535.769071270817855454,0.191,911
1700054660000,683.262139350775940454,535.769071270817855454,0.191,912
1700054720000,699.824362662822425454,535.769071270817855454,0.191,913
1700054780000,707.962657310216420454,535.769071270817855454,0.191,914
1700054840000,696.726985923448305454,535.769071270817855454,0.191,915
1700054900000,708.871804784045825454,535.769071270817855454,0.191,916
1700054960000,719.451022506538799454,535.769071270817855454,0.191,917
1700055020000,718.322074555873145454,535.769071270817855454,0.191,918
1700055080000,725.066189433805609454,535.769071270817855454,0.191,919
1700055140000,726.918515800453840454,535.769071270817855454,0.191,920
1700055200000,731.063047419118870454,535.769071270817855454,0.191,921
1700055260000,729.323115116643945454,535.769071270817855454,0.191,922
1700055320000,737.513498461073375454,535.769071270817855454,0.191,923
1700055380000,739.233970467862905454,535.769071270817855454,0.191,924
1700055440000,732.313073372131629454,535.769071270817855454,0.191,925
1700055500000,731.761075246572575454,535.769071270817855454,0.191,926
1700055560000,738.855215796819949454,535.769071270817855454,0.191,927
1700055620000,733.023605958710749454,535.769071270817855454,0.191,928
1700055680000,740.799626871740669454,535.769071270817855454,0.191,929
1700055740000,744.961215233176360454,535.769071270817855454,0.191,930
1700055800000,736.475897464881989454,535.769071270817855454,0.191,931
1700055860000,741.684594475314415454,535.769071270817855454,0.191,932
1700055920000,736.190323457997725454,535.769071270817855454,0.191,933
1700055980000,736.063828567566975454,535.769071270817855454,0.191,934
1700056040000,732.110249283222715454,535.769071270817855454,0.191,935
1700056100000,725.450260628701021454,535.769071270817855454,0.191,936
1700056160000,717.961124823012665454,535.769071270817855454,0.191,937
1700056220000,713.597090483719925454,535.769071270817855454,0.191,938
1700056280000,721.462687628798855454,535.769071270817855454,0.191,939
1700056340000,707.508813096117575454,535.769071270817855454,0.191,940
1700056400000,706.246283581570220454,535.769071270817855454,0.191,941
1700056460000,713.131594306873929454,535.769071270817855454,0.191,942
1700056520000,704.501881621663585454,535.769071270817855454,0.191,943
1700056580000,697.141373000215755454,535.769071270817855454,0.191,944
1700056640000,691.342609545395531454,535.769071270817855454,0.191,945
1700056700000,683.098024780140375454,535.769071270817855454,0.191,946
1700056760000,11000.994538928561065674,11000.994538928561065674,0,947
1700056820000,11000.994538928561065674,11000.994538928561065674,0,948
1700056880000,11000.994538928561065674,11000.994538928561065674,0,949
1700056940000,11000.994538928561065674,11000.994538928561065674,0,950
1700057000000,11000.994538928561065674,11000.994538928561065674,0,951
1700057060000,11000.994538928561065674,11000.994538928561065674,0,952
1700057120000,11000.994538928561065674,11000.994538928561065674,0,953
1700057180000,11000.994538928561065674,11000.994538928561065674,0,954
1700057240000,11000.994538928561065674,11000.994538928561065674,0,955
1700057300000,11000.994538928561065674,11000.994538928561065674,0,956
1700057360000,11000.994538928561065674,11000.994538928561065674,0,957
1700057420000,11000.994538928561065674,11000.994538928561065674,0,958
1700057480000,11000.994538928561065674,11000.994538928561065674,0,959
1700057540000,11000.994538928561065674,11000.994538928561065674,0,960
1700057600000,11000.994538928561065674,11000.994538928561065674,0,961
1700057660000,11000.994538928561065674,11000.994538928561065674,0,962
1700057720000,11000.994538928561065674,11000.994538928561065674,0,963
1700057780000,11000.994538928561065674,11000.994538928561065674,0,964
1700057840000,11000.994538928561065674,11000.994538928561065674,0,965
1700057900000,11000.994538928561065674,11000.994538928561065674,0,966
1700057960000,11000.994538928561065674,11000.994538928561065674,0,967
1700058020000,11000.994538928561065674,11000.994538928561065674,0,968
1700058080000,11000.994538928561065674,11000.994538928561065674,0,969
1700058140000,11000.994538928561065674,11000.994538928561065674,0,970
1700058200000,11000.994538928561065674,11000.994538928561065674,0,971
1700058260000,11000.994538928561065674,11000.994538928561065674,0,972
1700058320000,11000.994538928561065674,11000.994538928561065674,0,973
1700058380000,11000.994538928561065674,11000.994538928561065674,0,974
1700058440000,11000.994538928561065674,11000.994538928561065674,0,975
1700058500000,11000.994538928561065674,11000.994538928561065674,0,976
1700058560000,11000.994538928561065674,11000.994538928561065674,0,977
1700058620000,11000.994538928561065674,11000.994538928561065674,0,978
1700058680000,11000.994538928561065674,11000.994538928561065674,0,979
1700058740000,11000.994538928561065674,11000.994538928561065674,0,980
1700058800000,11000.994538928561065674,11000.994538928561065674,0,981
1700058860000,11000.994538928561065674,11000.994538928561065674,0,982
1700058920000,11000.994538928561065674,11000.994538928561065674,0,983
1700058980000,11000.994538928561065674,11000.994538928561065674,0,984
1700059040000,11000.994538928561065674,11000.994538928561065674,0,985
1700059100000,11000.994538928561065674,11000.994538928561065674,0,986
1700059160000,11000.994538928561065674,11000.994538928561065674,0,987
1700059220000,11000.994538928561065674,11000.994538928561065674,0,988
1700059280000,11000.994538928561065674,11000.994538928561065674,0,989
1700059340000,579.153799070882879284,568.900428315339629284,0.191,990
1700059400000,587.639035838033854284,568.900428315339629284,0.191,991
1700059460000,601.921937417760959284,568.900428315339629284,0.191,992
1700059520000,608.104154384208694284,568.900428315339629284,0.191,993
1700059580000,610.045050691579519284,568.900428315339629284,0.191,994
1700059640000,610.897047321126059284,568.900428315339629284,0.191,995
1700059700000,617.386921315475675284,568.900428315339629284,0.191,996
1700059760000,618.508205793624169284,568.900428315339629284,0.191,997
1700059820000,632.055256659968589284,568.900428315339629284,0.191,998
1700059880000,647.279419204115789284,568.900428315339629284,0.191,999
1700059940000,638.440142807565939284,568.900428315339629284,0.191,1000
