timestamp_ms,equity,balance,position_qty,position_entry_price,unrealized_pnl,realized_pnl,fees_paid,drawdown_pct,snapshot_version,global_halted
1609459200000,10000,10000,0,0,0,0,0,0,1,False
1609459260000,10000,10000,0,0,0,0,0,0,2,False
1609459320000,10000,10000,0,0,0,0,0,0,3,False
1609459380000,10000,10000,0,0,0,0,0,0,4,False
1609459440000,10000,10000,0,0,0,0,0,0,5,False
1609459500000,10000,10000,0,0,0,0,0,0,6,False
1609459560000,10000,10000,0,0,0,0,0,0,7,False
1609459620000,10000,10000,0,0,0,0,0,0,8,False
1609459680000,10000,10000,0,0,0,0,0,0,9,False
1609459740000,10000,10000,0,0,0,0,0,0,10,False
1609459800000,10000,10000,0,0,0,0,0,0,11,False
1609459860000,10000,10000,0,0,0,0,0,0,12,False
1609459920000,10000,10000,0,0,0,0,0,0,13,False
1609459980000,10000,10000,0,0,0,0,0,0,14,False
1609460040000,10000,10000,0,0,0,0,0,0,15,False
1609460100000,10000,10000,0,0,0,0,0,0,16,False
1609460160000,10000,10000,0,0,0,0,0,0,17,False
1609460220000,10000,10000,0,0,0,0,0,0,18,False
1609460280000,10000,10000,0,0,0,0,0,0,19,False
1609460340000,10000,10000,0,0,0,0,0,0,20,False
1609460400000,10000,10000,0,0,0,0,0,0,21,False
1609460460000,10000,10000,0,0,0,0,0,0,22,False
1609460520000,10000,10000,0,0,0,0,0,0,23,False
1609460580000,10000,10000,0,0,0,0,0,0,24,False
1609460640000,10000,10000,0,0,0,0,0,0,25,False
1609460700000,10000,10000,0,0,0,0,0,0,26,False
1609460760000,10000,10000,0,0,0,0,0,0,27,False
1609460820000,10000,10000,0,0,0,0,0,0,28,False
1609460880000,10000,10000,0,0,0,0,0,0,29,False
1609460940000,10000,10000,0,0,0,0,0,0,30,False
1609461000000,10003.10047598382687,530.383393,0.187,50639.66,9472.71708298382687,0,0,0,31,False
1609461060000,10000.59847884172637,530.383393,0.187,50639.66,9470.21508584172637,0,0,0.0002501221644336650626162586834,32,False
1609461120000,9995.58218771577576,530.383393,0.187,50639.66,9465.19879471577576,0,0,0.0007515957963335032741624093302,33,False
1609461180000,10002.02033237051569,530.383393,0.187,50639.66,9471.63693937051569,0,0,0.0001079808821179460867832642789,34,False
1609461240000,9988.84664688823408,530.383393,0.187,50639.66,9458.46325388823408,0,0,0.001424941109990289750420999096,35,False
1609461300000,9989.724641778866478,530.383393,0.187,50639.66,9459.341248778866478,0,0,0.001337168834510267115044869718,36,False
1609461360000,9992.2462484210684,530.383393,0.187,50639.66,9461.8628554210684,0,0,0.001085086327865854302975592453,37,False
1609461420000,9985.35327903311331,530.383393,0.187,50639.66,9454.96988603311331,0,0,0.001774169618042158499645829827,38,False
1609461480000,9986.68246644014354,530.383393,0.187,50639.66,9456.29907344014354,0,0,0.001641292075702017054307982597,39,False
1609461540000,9977.894021157802992,530.383393,0.187,50639.66,9447.510628157802992,0,0,0.002519864204757452252483591758,40,False
1609461600000,9976.56680742656551,530.383393,0.187,50639.66,9446.18341442656551,0,0,0.002652544440692695881911293546,41,False
1609461660000,9960.325114304897155,530.383393,0.187,50639.66,9429.941721304897155,0,0,0.004276210339147139713857091000,42,False
1609461720000,9959.60905928319387,530.383393,0.187,50639.66,9429.22566628319387,0,0,0.004347793647084757867013498936,43,False
1609461780000,9956.46031168069425,530.383393,0.187,50639.66,9426.07691868069425,0,0,0.004662570811430888636799040910,44,False
1609461840000,9948.085148644489648,530.383393,0.187,50639.66,9417.701755644489648,0,0,0.005499827525617885378676205990,45,False
1609461900000,9946.35467154900946,530.383393,0.187,50639.66,9415.97127854900946,0,0,0.005672821598768989240050066523,46,False
1609461960000,1033.911183,1033.911183,0,0,0.000000,0,0,0.8966409279320657260876608564,47,False
1609462020000,1033.911183,1033.911183,0,0,0.000000,0,0,0.8966409279320657260876608564,48,True
1609462080000,1033.911183,1033.911183,0,0,0.000000,0,0,0.8966409279320657260876608564,49,True
1609462140000,1033.911183,1033.911183,0,0,0.000000,0,0,0.8966409279320657260876608564,50,True
1609462200000,1033.911183,1033.911183,0,0,0.000000,0,0,0.8966409279320657260876608564,51,True
1609462260000,1033.911183,1033.911183,0,0,0.000000,0,0,0.8966409279320657260876608564,52,True
1609462320000,1033.911183,1033.911183,0,0,0.000000,0,0,0.8966409279320657260876608564,53,True
1609462380000,1033.911183,1033.911183,0,0,0.000000,0,0,0.8966409279320657260876608564,54,True
1609462440000,1033.911183,1033.911183,0,0,0.000000,0,0,0.8966409279320657260876608564,55,True
1609462500000,1033.911183,1033.911183,0,0,0.000000,0,0,0.8966409279320657260876608564,56,True
1609462560000,1033.911183,1033.911183,0,0,0.000000,0,0,0.8966409279320657260876608564,57,True
1609462620000,1033.911183,1033.911183,0,0,0.000000,0,0,0.8966409279320657260876608564,58,True
1609462680000,1033.911183,1033.911183,0,0,0.000000,0,0,0.8966409279320657260876608564,59,True
1609462740000,1033.911183,1033.911183,0,0,0.000000,0,0,0.8966409279320657260876608564,60,True
1609462800000,1033.911183,1033.911183,0,0,0.000000,0,0,0.8966409279320657260876608564,61,True
1609462860000,1033.911183,1033.911183,0,0,0.000000,0,0,0.8966409279320657260876608564,62,True
1609462920000,1033.911183,1033.911183,0,0,0.000000,0,0,0.8966409279320657260876608564,63,True
1609462980000,1033.911183,1033.911183,0,0,0.000000,0,0,0.8966409279320657260876608564,64,True
1609463040000,1033.911183,1033.911183,0,0,0.000000,0,0,0.8966409279320657260876608564,65,True
1609463100000,1033.911183,1033.911183,0,0,0.000000,0,0,0.8966409279320657260876608564,66,True
1609463160000,1033.911183,1033.911183,0,0,0.000000,0,0,0.8966409279320657260876608564,67,True
1609463220000,1033.911183,1033.911183,0,0,0.000000,0,0,0.8966409279320657260876608564,68,True
1609463280000,1033.911183,1033.911183,0,0,0.000000,0,0,0.8966409279320657260876608564,69,True
1609463340000,1033.911183,1033.911183,0,0,0.000000,0,0,0.8966409279320657260876608564,70,True
1609463400000,1033.911183,1033.911183,0,0,0.000000,0,0,0.8966409279320657260876608564,71,True
1609463460000,1033.911183,1033.911183,0,0,0.000000,0,0,0.8966409279320657260876608564,72,True
1609463520000,1033.911183,1033.911183,0,0,0.000000,0,0,0.8966409279320657260876608564,73,True
1609463580000,1033.911183,1033.911183,0,0,0.000000,0,0,0.8966409279320657260876608564,74,True
1609463640000,1033.911183,1033.911183,0,0,0.000000,0,0,0.8966409279320657260876608564,75,True
1609463700000,1033.911183,1033.911183,0,0,0.000000,0,0,0.8966409279320657260876608564,76,True
1609463760000,1033.911183,1033.911183,0,0,0.000000,0,0,0.8966409279320657260876608564,77,True
1609463820000,1033.911183,1033.911183,0,0,0.000000,0,0,0.8966409279320657260876608564,78,True
1609463880000,1033.911183,1033.911183,0,0,0.000000,0,0,0.8966409279320657260876608564,79,True
1609463940000,1033.911183,1033.911183,0,0,0.000000,0,0,0.8966409279320657260876608564,80,True
1609464000000,1033.911183,1033.911183,0,0,0.000000,0,0,0.8966409279320657260876608564,81,True
1609464060000,1033.911183,1033.911183,0,0,0.000000,0,0,0.8966409279320657260876608564,82,True
1609464120000,1033.911183,1033.911183,0,0,0.000000,0,0,0.8966409279320657260876608564,83,True
1609464180000,1033.911183,1033.911183,0,0,0.000000,0,0,0.8966409279320657260876608564,84,True
1609464240000,1033.911183,1033.911183,0,0,0.000000,0,0,0.8966409279320657260876608564,85,True
1609464300000,1033.911183,1033.911183,0,0,0.000000,0,0,0.8966409279320657260876608564,86,True
1609464360000,1033.911183,1033.911183,0,0,0.000000,0,0,0.8966409279320657260876608564,87,True
1609464420000,1033.911183,1033.911183,0,0,0.000000,0,0,0.8966409279320657260876608564,88,True
1609464480000,1033.911183,1033.911183,0,0,0.000000,0,0,0.8966409279320657260876608564,89,True
1609464540000,1033.911183,1033.911183,0,0,0.000000,0,0,0.8966409279320657260876608564,90,True
1609464600000,1033.911183,1033.911183,0,0,0.000000,0,0,0.8966409279320657260876608564,91,True
1609464660000,1033.911183,1033.911183,0,0,0.000000,0,0,0.8966409279320657260876608564,92,True
1609464720000,1033.911183,1033.911183,0,0,0.000000,0,0,0.8966409279320657260876608564,93,True
1609464780000,1033.911183,1033.911183,0,0,0.000000,0,0,0.8966409279320657260876608564,94,True
1609464840000,1033.911183,1033.911183,0,0,0.000000,0,0,0.8966409279320657260876608564,95,True
1609464900000,1033.911183,1033.911183,0,0,0.000000,0,0,0.8966409279320657260876608564,96,True
1609464960000,1033.911183,1033.911183,0,0,0.000000,0,0,0.8966409279320657260876608564,97,True
1609465020000,1033.911183,1033.911183,0,0,0.000000,0,0,0.8966409279320657260876608564,98,True
1609465080000,1033.911183,1033.911183,0,0,0.000000,0,0,0.8966409279320657260876608564,99,True
1609465140000,1033.911183,1033.911183,0,0,0.000000,0,0,0.8966409279320657260876608564,100,True
1609465200000,1033.911183,1033.911183,0,0,0.000000,0,0,0.8966409279320657260876608564,101,True
1609465260000,1033.911183,1033.911183,0,0,0.000000,0,0,0.8966409279320657260876608564,102,True
1609465320000,1033.911183,1033.911183,0,0,0.000000,0,0,0.8966409279320657260876608564,103,True
1609465380000,1033.911183,1033.911183,0,0,0.000000,0,0,0.8966409279320657260876608564,104,True
1609465440000,1033.911183,1033.911183,0,0,0.000000,0,0,0.8966409279320657260876608564,105,True
1609465500000,1033.911183,1033.911183,0,0,0.000000,0,0,0.8966409279320657260876608564,106,True
1609465560000,1033.911183,1033.911183,0,0,0.000000,0,0,0.8966409279320657260876608564,107,True
1609465620000,1033.911183,1033.911183,0,0,0.000000,0,0,0.8966409279320657260876608564,108,True
1609465680000,1033.911183,1033.911183,0,0,0.000000,0,0,0.8966409279320657260876608564,109,True
1609465740000,1033.911183,1033.911183,0,0,0.000000,0,0,0.8966409279320657260876608564,110,True
1609465800000,1033.911183,1033.911183,0,0,0.000000,0,0,0.8966409279320657260876608564,111,True
1609465860000,1033.911183,1033.911183,0,0,0.000000,0,0,0.8966409279320657260876608564,112,True
1609465920000,1033.911183,1033.911183,0,0,0.000000,0,0,0.8966409279320657260876608564,113,True
1609465980000,1033.911183,1033.911183,0,0,0.000000,0,0,0.8966409279320657260876608564,114,True
1609466040000,1033.911183,1033.911183,0,0,0.000000,0,0,0.8966409279320657260876608564,115,True
1609466100000,1033.911183,1033.911183,0,0,0.000000,0,0,0.8966409279320657260876608564,116,True
1609466160000,1033.911183,1033.911183,0,0,0.000000,0,0,0.8966409279320657260876608564,117,True
1609466220000,1033.911183,1033.911183,0,0,0.000000,0,0,0.8966409279320657260876608564,118,True
1609466280000,1033.911183,1033.911183,0,0,0.000000,0,0,0.8966409279320657260876608564,119,True
1609466340000,1033.911183,1033.911183,0,0,0.000000,0,0,0.8966409279320657260876608564,120,True
1609466400000,1033.911183,1033.911183,0,0,0.000000,0,0,0.8966409279320657260876608564,121,True
1609466460000,1033.911183,1033.911183,0,0,0.000000,0,0,0.8966409279320657260876608564,122,True
1609466520000,1033.911183,1033.911183,0,0,0.000000,0,0,0.8966409279320657260876608564,123,True
1609466580000,1033.911183,1033.911183,0,0,0.000000,0,0,0.8966409279320657260876608564,124,True
1609466640000,1033.911183,1033.911183,0,0,0.000000,0,0,0.8966409279320657260876608564,125,True
1609466700000,1033.911183,1033.911183,0,0,0.000000,0,0,0.8966409279320657260876608564,126,True
1609466760000,1033.911183,1033.911183,0,0,0.000000,0,0,0.8966409279320657260876608564,127,True
1609466820000,1033.911183,1033.911183,0,0,0.000000,0,0,0.8966409279320657260876608564,128,True
1609466880000,1033.911183,1033.911183,0,0,0.000000,0,0,0.8966409279320657260876608564,129,True
1609466940000,1033.911183,1033.911183,0,0,0.000000,0,0,0.8966409279320657260876608564,130,True
1609467000000,1033.911183,1033.911183,0,0,0.000000,0,0,0.8966409279320657260876608564,131,True
1609467060000,1033.911183,1033.911183,0,0,0.000000,0,0,0.8966409279320657260876608564,132,True
1609467120000,1033.911183,1033.911183,0,0,0.000000,0,0,0.8966409279320657260876608564,133,True
1609467180000,1033.911183,1033.911183,0,0,0.000000,0,0,0.8966409279320657260876608564,134,True
1609467240000,1033.911183,1033.911183,0,0,0.000000,0,0,0.8966409279320657260876608564,135,True
1609467300000,1033.911183,1033.911183,0,0,0.000000,0,0,0.8966409279320657260876608564,136,True
1609467360000,1033.911183,1033.911183,0,0,0.000000,0,0,0.8966409279320657260876608564,137,True
1609467420000,1033.911183,1033.911183,0,0,0.000000,0,0,0.8966409279320657260876608564,138,True
1609467480000,1033.911183,1033.911183,0,0,0.000000,0,0,0.8966409279320657260876608564,139,True
1609467540000,1033.911183,1033.911183,0,0,0.000000,0,0,0.8966409279320657260876608564,140,True
1609467600000,1033.911183,1033.911183,0,0,0.000000,0,0,0.8966409279320657260876608564,141,True
1609467660000,1033.911183,1033.911183,0,0,0.000000,0,0,0.8966409279320657260876608564,142,True
1609467720000,1033.911183,1033.911183,0,0,0.000000,0,0,0.8966409279320657260876608564,143,True
1609467780000,1033.911183,1033.911183,0,0,0.000000,0,0,0.8966409279320657260876608564,144,True
1609467840000,1033.911183,1033.911183,0,0,0.000000,0,0,0.8966409279320657260876608564,145,True
1609467900000,1033.911183,1033.911183,0,0,0.000000,0,0,0.8966409279320657260876608564,146,True
1609467960000,1033.911183,1033.911183,0,0,0.000000,0,0,0.8966409279320657260876608564,147,True
1609468020000,1033.911183,1033.911183,0,0,0.000000,0,0,0.8966409279320657260876608564,148,True
1609468080000,1033.911183,1033.911183,0,0,0.000000,0,0,0.8966409279320657260876608564,149,True
1609468140000,1033.911183,1033.911183,0,0,0.000000,0,0,0.8966409279320657260876608564,150,True
1609468200000,1033.911183,1033.911183,0,0,0.000000,0,0,0.8966409279320657260876608564,151,True
1609468260000,1033.911183,1033.911183,0,0,0.000000,0,0,0.8966409279320657260876608564,152,True
1609468320000,1033.911183,1033.911183,0,0,0.000000,0,0,0.8966409279320657260876608564,153,True
1609468380000,1033.911183,1033.911183,0,0,0.000000,0,0,0.8966409279320657260876608564,154,True
1609468440000,1033.911183,1033.911183,0,0,0.000000,0,0,0.8966409279320657260876608564,155,True
1609468500000,1033.911183,1033.911183,0,0,0.000000,0,0,0.8966409279320657260876608564,156,True
1609468560000,1033.911183,1033.911183,0,0,0.000000,0,0,0.8966409279320657260876608564,157,True
1609468620000,1033.911183,1033.911183,0,0,0.000000,0,0,0.8966409279320657260876608564,158,True
1609468680000,1033.911183,1033.911183,0,0,0.000000,0,0,0.8966409279320657260876608564,159,True
1609468740000,1033.911183,1033.911183,0,0,0.000000,0,0,0.8966409279320657260876608564,160,True
1609468800000,1033.911183,1033.911183,0,0,0.000000,0,0,0.8966409279320657260876608564,161,True
1609468860000,1033.911183,1033.911183,0,0,0.000000,0,0,0.8966409279320657260876608564,162,True
1609468920000,1033.911183,1033.911183,0,0,0.000000,0,0,0.8966409279320657260876608564,163,True
1609468980000,1033.911183,1033.911183,0,0,0.000000,0,0,0.8966409279320657260876608564,164,True
1609469040000,1033.911183,1033.911183,0,0,0.000000,0,0,0.8966409279320657260876608564,165,True
1609469100000,1033.911183,1033.911183,0,0,0.000000,0,0,0.8966409279320657260876608564,166,True
1609469160000,1033.911183,1033.911183,0,0,0.000000,0,0,0.8966409279320657260876608564,167,True
1609469220000,1033.911183,1033.911183,0,0,0.000000,0,0,0.8966409279320657260876608564,168,True
1609469280000,1033.911183,1033.911183,0,0,0.000000,0,0,0.8966409279320657260876608564,169,True
1609469340000,1033.911183,1033.911183,0,0,0.000000,0,0,0.8966409279320657260876608564,170,True
1609469400000,1033.911183,1033.911183,0,0,0.000000,0,0,0.8966409279320657260876608564,171,True
1609469460000,1033.911183,1033.911183,0,0,0.000000,0,0,0.8966409279320657260876608564,172,True
1609469520000,1033.911183,1033.911183,0,0,0.000000,0,0,0.8966409279320657260876608564,173,True
1609469580000,1033.911183,1033.911183,0,0,0.000000,0,0,0.8966409279320657260876608564,174,True
1609469640000,1033.911183,1033.911183,0,0,0.000000,0,0,0.8966409279320657260876608564,175,True
1609469700000,1033.911183,1033.911183,0,0,0.000000,0,0,0.8966409279320657260876608564,176,True
1609469760000,1033.911183,1033.911183,0,0,0.000000,0,0,0.8966409279320657260876608564,177,True
1609469820000,1033.911183,1033.911183,0,0,0.000000,0,0,0.8966409279320657260876608564,178,True
1609469880000,1033.911183,1033.911183,0,0,0.000000,0,0,0.8966409279320657260876608564,179,True
1609469940000,1033.911183,1033.911183,0,0,0.000000,0,0,0.8966409279320657260876608564,180,True
1609470000000,1033.911183,1033.911183,0,0,0.000000,0,0,0.8966409279320657260876608564,181,True
1609470060000,1033.911183,1033.911183,0,0,0.000000,0,0,0.8966409279320657260876608564,182,True
1609470120000,1033.911183,1033.911183,0,0,0.000000,0,0,0.8966409279320657260876608564,183,True
1609470180000,1033.911183,1033.911183,0,0,0.000000,0,0,0.8966409279320657260876608564,184,True
1609470240000,1033.911183,1033.911183,0,0,0.000000,0,0,0.8966409279320657260876608564,185,True
1609470300000,1033.911183,1033.911183,0,0,0.000000,0,0,0.8966409279320657260876608564,186,True
1609470360000,1033.911183,1033.911183,0,0,0.000000,0,0,0.8966409279320657260876608564,187,True
1609470420000,1033.911183,1033.911183,0,0,0.000000,0,0,0.8966409279320657260876608564,188,True
1609470480000,1033.911183,1033.911183,0,0,0.000000,0,0,0.8966409279320657260876608564,189,True
1609470540000,1033.911183,1033.911183,0,0,0.000000,0,0,0.8966409279320657260876608564,190,True
1609470600000,1033.911183,1033.911183,0,0,0.000000,0,0,0.8966409279320657260876608564,191,True
1609470660000,1033.911183,1033.911183,0,0,0.000000,0,0,0.8966409279320657260876608564,192,True
1609470720000,1033.911183,1033.911183,0,0,0.000000,0,0,0.8966409279320657260876608564,193,True
1609470780000,1033.911183,1033.911183,0,0,0.000000,0,0,0.8966409279320657260876608564,194,True
1609470840000,1033.911183,1033.911183,0,0,0.000000,0,0,0.8966409279320657260876608564,195,True
1609470900000,1033.911183,1033.911183,0,0,0.000000,0,0,0.8966409279320657260876608564,196,True
1609470960000,1033.911183,1033.911183,0,0,0.000000,0,0,0.8966409279320657260876608564,197,True
1609471020000,1033.911183,1033.911183,0,0,0.000000,0,0,0.8966409279320657260876608564,198,True
1609471080000,1033.911183,1033.911183,0,0,0.000000,0,0,0.8966409279320657260876608564,199,True
1609471140000,1033.911183,1033.911183,0,0,0.000000,0,0,0.8966409279320657260876608564,200,True
1609471200000,1033.911183,1033.911183,0,0,0.000000,0,0,0.8966409279320657260876608564,201,True
1609471260000,1033.911183,1033.911183,0,0,0.000000,0,0,0.8966409279320657260876608564,202,True
1609471320000,1033.911183,1033.911183,0,0,0.000000,0,0,0.8966409279320657260876608564,203,True
1609471380000,1033.911183,1033.911183,0,0,0.000000,0,0,0.8966409279320657260876608564,204,True
1609471440000,1033.911183,1033.911183,0,0,0.000000,0,0,0.8966409279320657260876608564,205,True
1609471500000,1033.911183,1033.911183,0,0,0.000000,0,0,0.8966409279320657260876608564,206,True
1609471560000,1033.911183,1033.911183,0,0,0.000000,0,0,0.8966409279320657260876608564,207,True
1609471620000,1033.911183,1033.911183,0,0,0.000000,0,0,0.8966409279320657260876608564,208,True
1609471680000,1033.911183,1033.911183,0,0,0.000000,0,0,0.8966409279320657260876608564,209,True
1609471740000,1033.911183,1033.911183,0,0,0.000000,0,0,0.8966409279320657260876608564,210,True
1609471800000,1033.911183,1033.911183,0,0,0.000000,0,0,0.8966409279320657260876608564,211,True
1609471860000,1033.911183,1033.911183,0,0,0.000000,0,0,0.8966409279320657260876608564,212,True
1609471920000,1033.911183,1033.911183,0,0,0.000000,0,0,0.8966409279320657260876608564,213,True
1609471980000,1033.911183,1033.911183,0,0,0.000000,0,0,0.8966409279320657260876608564,214,True
1609472040000,1033.911183,1033.911183,0,0,0.000000,0,0,0.8966409279320657260876608564,215,True
1609472100000,1033.911183,1033.911183,0,0,0.000000,0,0,0.8966409279320657260876608564,216,True
1609472160000,1033.911183,1033.911183,0,0,0.000000,0,0,0.8966409279320657260876608564,217,True
1609472220000,1033.911183,1033.911183,0,0,0.000000,0,0,0.8966409279320657260876608564,218,True
1609472280000,1033.911183,1033.911183,0,0,0.000000,0,0,0.8966409279320657260876608564,219,True
1609472340000,1033.911183,1033.911183,0,0,0.000000,0,0,0.8966409279320657260876608564,220,True
1609472400000,1033.911183,1033.911183,0,0,0.000000,0,0,0.8966409279320657260876608564,221,True
1609472460000,1033.911183,1033.911183,0,0,0.000000,0,0,0.8966409279320657260876608564,222,True
1609472520000,1033.911183,1033.911183,0,0,0.000000,0,0,0.8966409279320657260876608564,223,True
1609472580000,1033.911183,1033.911183,0,0,0.000000,0,0,0.8966409279320657260876608564,224,True
1609472640000,1033.911183,1033.911183,0,0,0.000000,0,0,0.8966409279320657260876608564,225,True
1609472700000,1033.911183,1033.911183,0,0,0.000000,0,0,0.8966409279320657260876608564,226,True
1609472760000,1033.911183,1033.911183,0,0,0.000000,0,0,0.8966409279320657260876608564,227,True
1609472820000,1033.911183,1033.911183,0,0,0.000000,0,0,0.8966409279320657260876608564,228,True
1609472880000,1033.911183,1033.911183,0,0,0.000000,0,0,0.8966409279320657260876608564,229,True
1609472940000,1033.911183,1033.911183,0,0,0.000000,0,0,0.8966409279320657260876608564,230,True
1609473000000,1033.911183,1033.911183,0,0,0.000000,0,0,0.8966409279320657260876608564,231,True
1609473060000,1033.911183,1033.911183,0,0,0.000000,0,0,0.8966409279320657260876608564,232,True
1609473120000,1033.911183,1033.911183,0,0,0.000000,0,0,0.8966409279320657260876608564,233,True
1609473180000,1033.911183,1033.911183,0,0,0.000000,0,0,0.8966409279320657260876608564,234,True
1609473240000,1033.911183,1033.911183,0,0,0.000000,0,0,0.8966409279320657260876608564,235,True
1609473300000,1033.911183,1033.911183,0,0,0.000000,0,0,0.8966409279320657260876608564,236,True
1609473360000,1033.911183,1033.911183,0,0,0.000000,0,0,0.8966409279320657260876608564,237,True
1609473420000,1033.911183,1033.911183,0,0,0.000000,0,0,0.8966409279320657260876608564,238,True
1609473480000,1033.911183,1033.911183,0,0,0.000000,0,0,0.8966409279320657260876608564,239,True
1609473540000,1033.911183,1033.911183,0,0,0.000000,0,0,0.8966409279320657260876608564,240,True
1609473600000,1033.911183,1033.911183,0,0,0.000000,0,0,0.8966409279320657260876608564,241,True
1609473660000,1033.911183,1033.911183,0,0,0.000000,0,0,0.8966409279320657260876608564,242,True
1609473720000,1033.911183,1033.911183,0,0,0.000000,0,0,0.8966409279320657260876608564,243,True
1609473780000,1033.911183,1033.911183,0,0,0.000000,0,0,0.8966409279320657260876608564,244,True
1609473840000,1033.911183,1033.911183,0,0,0.000000,0,0,0.8966409279320657260876608564,245,True
1609473900000,1033.911183,1033.911183,0,0,0.000000,0,0,0.8966409279320657260876608564,246,True
1609473960000,1033.911183,1033.911183,0,0,0.000000,0,0,0.8966409279320657260876608564,247,True
1609474020000,1033.911183,1033.911183,0,0,0.000000,0,0,0.8966409279320657260876608564,248,True
1609474080000,1033.911183,1033.911183,0,0,0.000000,0,0,0.8966409279320657260876608564,249,True
1609474140000,1033.911183,1033.911183,0,0,0.000000,0,0,0.8966409279320657260876608564,250,True
1609474200000,1033.911183,1033.911183,0,0,0.000000,0,0,0.8966409279320657260876608564,251,True
1609474260000,1033.911183,1033.911183,0,0,0.000000,0,0,0.8966409279320657260876608564,252,True
1609474320000,1033.911183,1033.911183,0,0,0.000000,0,0,0.8966409279320657260876608564,253,True
1609474380000,1033.911183,1033.911183,0,0,0.000000,0,0,0.8966409279320657260876608564,254,True
1609474440000,1033.911183,1033.911183,0,0,0.000000,0,0,0.8966409279320657260876608564,255,True
1609474500000,1033.911183,1033.911183,0,0,0.000000,0,0,0.8966409279320657260876608564,256,True
1609474560000,1033.911183,1033.911183,0,0,0.000000,0,0,0.8966409279320657260876608564,257,True
1609474620000,1033.911183,1033.911183,0,0,0.000000,0,0,0.8966409279320657260876608564,258,True
1609474680000,1033.911183,1033.911183,0,0,0.000000,0,0,0.8966409279320657260876608564,259,True
1609474740000,1033.911183,1033.911183,0,0,0.000000,0,0,0.8966409279320657260876608564,260,True
1609474800000,1033.911183,1033.911183,0,0,0.000000,0,0,0.8966409279320657260876608564,261,True
1609474860000,1033.911183,1033.911183,0,0,0.000000,0,0,0.8966409279320657260876608564,262,True
1609474920000,1033.911183,1033.911183,0,0,0.000000,0,0,0.8966409279320657260876608564,263,True
1609474980000,1033.911183,1033.911183,0,0,0.000000,0,0,0.8966409279320657260876608564,264,True
1609475040000,1033.911183,1033.911183,0,0,0.000000,0,0,0.8966409279320657260876608564,265,True
1609475100000,1033.911183,1033.911183,0,0,0.000000,0,0,0.8966409279320657260876608564,266,True
1609475160000,1033.911183,1033.911183,0,0,0.000000,0,0,0.8966409279320657260876608564,267,True
1609475220000,1033.911183,1033.911183,0,0,0.000000,0,0,0.8966409279320657260876608564,268,True
1609475280000,1033.911183,1033.911183,0,0,0.000000,0,0,0.8966409279320657260876608564,269,True
1609475340000,1033.911183,1033.911183,0,0,0.000000,0,0,0.8966409279320657260876608564,270,True
1609475400000,1033.911183,1033.911183,0,0,0.000000,0,0,0.8966409279320657260876608564,271,True
1609475460000,1033.911183,1033.911183,0,0,0.000000,0,0,0.8966409279320657260876608564,272,True
1609475520000,1033.911183,1033.911183,0,0,0.000000,0,0,0.8966409279320657260876608564,273,True
1609475580000,1033.911183,1033.911183,0,0,0.000000,0,0,0.8966409279320657260876608564,274,True
1609475640000,1033.911183,1033.911183,0,0,0.000000,0,0,0.8966409279320657260876608564,275,True
1609475700000,1033.911183,1033.911183,0,0,0.000000,0,0,0.8966409279320657260876608564,276,True
1609475760000,1033.911183,1033.911183,0,0,0.000000,0,0,0.8966409279320657260876608564,277,True
1609475820000,1033.911183,1033.911183,0,0,0.000000,0,0,0.8966409279320657260876608564,278,True
1609475880000,1033.911183,1033.911183,0,0,0.000000,0,0,0.8966409279320657260876608564,279,True
1609475940000,1033.911183,1033.911183,0,0,0.000000,0,0,0.8966409279320657260876608564,280,True
1609476000000,1033.911183,1033.911183,0,0,0.000000,0,0,0.8966409279320657260876608564,281,True
1609476060000,1033.911183,1033.911183,0,0,0.000000,0,0,0.8966409279320657260876608564,282,True
1609476120000,1033.911183,1033.911183,0,0,0.000000,0,0,0.8966409279320657260876608564,283,True
1609476180000,1033.911183,1033.911183,0,0,0.000000,0,0,0.8966409279320657260876608564,284,True
1609476240000,1033.911183,1033.911183,0,0,0.000000,0,0,0.8966409279320657260876608564,285,True
1609476300000,1033.911183,1033.911183,0,0,0.000000,0,0,0.8966409279320657260876608564,286,True
1609476360000,1033.911183,1033.911183,0,0,0.000000,0,0,0.8966409279320657260876608564,287,True
1609476420000,1033.911183,1033.911183,0,0,0.000000,0,0,0.8966409279320657260876608564,288,True
1609476480000,1033.911183,1033.911183,0,0,0.000000,0,0,0.8966409279320657260876608564,289,True
1609476540000,1033.911183,1033.911183,0,0,0.000000,0,0,0.8966409279320657260876608564,290,True
1609476600000,1033.911183,1033.911183,0,0,0.000000,0,0,0.8966409279320657260876608564,291,True
1609476660000,1033.911183,1033.911183,0,0,0.000000,0,0,0.8966409279320657260876608564,292,True
1609476720000,1033.911183,1033.911183,0,0,0.000000,0,0,0.8966409279320657260876608564,293,True
1609476780000,1033.911183,1033.911183,0,0,0.000000,0,0,0.8966409279320657260876608564,294,True
1609476840000,1033.911183,1033.911183,0,0,0.000000,0,0,0.8966409279320657260876608564,295,True
1609476900000,1033.911183,1033.911183,0,0,0.000000,0,0,0.8966409279320657260876608564,296,True
1609476960000,1033.911183,1033.911183,0,0,0.000000,0,0,0.8966409279320657260876608564,297,True
1609477020000,1033.911183,1033.911183,0,0,0.000000,0,0,0.8966409279320657260876608564,298,True
1609477080000,1033.911183,1033.911183,0,0,0.000000,0,0,0.8966409279320657260876608564,299,True
1609477140000,1033.911183,1033.911183,0,0,0.000000,0,0,0.8966409279320657260876608564,300,True
1609477200000,1033.911183,1033.911183,0,0,0.000000,0,0,0.8966409279320657260876608564,301,True
1609477260000,1033.911183,1033.911183,0,0,0.000000,0,0,0.8966409279320657260876608564,302,True
1609477320000,1033.911183,1033.911183,0,0,0.000000,0,0,0.8966409279320657260876608564,303,True
1609477380000,1033.911183,1033.911183,0,0,0.000000,0,0,0.8966409279320657260876608564,304,True
1609477440000,1033.911183,1033.911183,0,0,0.000000,0,0,0.8966409279320657260876608564,305,True
1609477500000,1033.911183,1033.911183,0,0,0.000000,0,0,0.8966409279320657260876608564,306,True
1609477560000,1033.911183,1033.911183,0,0,0.000000,0,0,0.8966409279320657260876608564,307,True
1609477620000,1033.911183,1033.911183,0,0,0.000000,0,0,0.8966409279320657260876608564,308,True
1609477680000,1033.911183,1033.911183,0,0,0.000000,0,0,0.8966409279320657260876608564,309,True
1609477740000,1033.911183,1033.911183,0,0,0.000000,0,0,0.8966409279320657260876608564,310,True
1609477800000,1033.911183,1033.911183,0,0,0.000000,0,0,0.8966409279320657260876608564,311,True
1609477860000,1033.911183,1033.911183,0,0,0.000000,0,0,0.8966409279320657260876608564,312,True
1609477920000,1033.911183,1033.911183,0,0,0.000000,0,0,0.8966409279320657260876608564,313,True
1609477980000,1033.911183,1033.911183,0,0,0.000000,0,0,0.8966409279320657260876608564,314,True
1609478040000,1033.911183,1033.911183,0,0,0.000000,0,0,0.8966409279320657260876608564,315,True
1609478100000,1033.911183,1033.911183,0,0,0.000000,0,0,0.8966409279320657260876608564,316,True
1609478160000,1033.911183,1033.911183,0,0,0.000000,0,0,0.8966409279320657260876608564,317,True
1609478220000,1033.911183,1033.911183,0,0,0.000000,0,0,0.8966409279320657260876608564,318,True
1609478280000,1033.911183,1033.911183,0,0,0.000000,0,0,0.8966409279320657260876608564,319,True
1609478340000,1033.911183,1033.911183,0,0,0.000000,0,0,0.8966409279320657260876608564,320,True
1609478400000,1033.911183,1033.911183,0,0,0.000000,0,0,0.8966409279320657260876608564,321,True
1609478460000,1033.911183,1033.911183,0,0,0.000000,0,0,0.8966409279320657260876608564,322,True
1609478520000,1033.911183,1033.911183,0,0,0.000000,0,0,0.8966409279320657260876608564,323,True
1609478580000,1033.911183,1033.911183,0,0,0.000000,0,0,0.8966409279320657260876608564,324,True
1609478640000,1033.911183,1033.911183,0,0,0.000000,0,0,0.8966409279320657260876608564,325,True
1609478700000,1033.911183,1033.911183,0,0,0.000000,0,0,0.8966409279320657260876608564,326,True
1609478760000,1033.911183,1033.911183,0,0,0.000000,0,0,0.8966409279320657260876608564,327,True
1609478820000,1033.911183,1033.911183,0,0,0.000000,0,0,0.8966409279320657260876608564,328,True
1609478880000,1033.911183,1033.911183,0,0,0.000000,0,0,0.8966409279320657260876608564,329,True
1609478940000,1033.911183,1033.911183,0,0,0.000000,0,0,0.8966409279320657260876608564,330,True
1609479000000,1033.911183,1033.911183,0,0,0.000000,0,0,0.8966409279320657260876608564,331,True
1609479060000,1033.911183,1033.911183,0,0,0.000000,0,0,0.8966409279320657260876608564,332,True
1609479120000,1033.911183,1033.911183,0,0,0.000000,0,0,0.8966409279320657260876608564,333,True
1609479180000,1033.911183,1033.911183,0,0,0.000000,0,0,0.8966409279320657260876608564,334,True
1609479240000,1033.911183,1033.911183,0,0,0.000000,0,0,0.8966409279320657260876608564,335,True
1609479300000,1033.911183,1033.911183,0,0,0.000000,0,0,0.8966409279320657260876608564,336,True
1609479360000,1033.911183,1033.911183,0,0,0.000000,0,0,0.8966409279320657260876608564,337,True
1609479420000,1033.911183,1033.911183,0,0,0.000000,0,0,0.8966409279320657260876608564,338,True
1609479480000,1033.911183,1033.911183,0,0,0.000000,0,0,0.8966409279320657260876608564,339,True
1609479540000,1033.911183,1033.911183,0,0,0.000000,0,0,0.8966409279320657260876608564,340,True
1609479600000,1033.911183,1033.911183,0,0,0.000000,0,0,0.8966409279320657260876608564,341,True
1609479660000,1033.911183,1033.911183,0,0,0.000000,0,0,0.8966409279320657260876608564,342,True
1609479720000,1033.911183,1033.911183,0,0,0.000000,0,0,0.8966409279320657260876608564,343,True
1609479780000,1033.911183,1033.911183,0,0,0.000000,0,0,0.8966409279320657260876608564,344,True
1609479840000,1033.911183,1033.911183,0,0,0.000000,0,0,0.8966409279320657260876608564,345,True
1609479900000,1033.911183,1033.911183,0,0,0.000000,0,0,0.8966409279320657260876608564,346,True
1609479960000,1033.911183,1033.911183,0,0,0.000000,0,0,0.8966409279320657260876608564,347,True
1609480020000,1033.911183,1033.911183,0,0,0.000000,0,0,0.8966409279320657260876608564,348,True
1609480080000,1033.911183,1033.911183,0,0,0.000000,0,0,0.8966409279320657260876608564,349,True
1609480140000,1033.911183,1033.911183,0,0,0.000000,0,0,0.8966409279320657260876608564,350,True
1609480200000,1033.911183,1033.911183,0,0,0.000000,0,0,0.8966409279320657260876608564,351,True
1609480260000,1033.911183,1033.911183,0,0,0.000000,0,0,0.8966409279320657260876608564,352,True
1609480320000,1033.911183,1033.911183,0,0,0.000000,0,0,0.8966409279320657260876608564,353,True
1609480380000,1033.911183,1033.911183,0,0,0.000000,0,0,0.8966409279320657260876608564,354,True
1609480440000,1033.911183,1033.911183,0,0,0.000000,0,0,0.8966409279320657260876608564,355,True
1609480500000,1033.911183,1033.911183,0,0,0.000000,0,0,0.8966409279320657260876608564,356,True
1609480560000,1033.911183,1033.911183,0,0,0.000000,0,0,0.8966409279320657260876608564,357,True
1609480620000,1033.911183,1033.911183,0,0,0.000000,0,0,0.8966409279320657260876608564,358,True
1609480680000,1033.911183,1033.911183,0,0,0.000000,0,0,0.8966409279320657260876608564,359,True
1609480740000,1033.911183,1033.911183,0,0,0.000000,0,0,0.8966409279320657260876608564,360,True
1609480800000,1033.911183,1033.911183,0,0,0.000000,0,0,0.8966409279320657260876608564,361,True
1609480860000,1033.911183,1033.911183,0,0,0.000000,0,0,0.8966409279320657260876608564,362,True
1609480920000,1033.911183,1033.911183,0,0,0.000000,0,0,0.8966409279320657260876608564,363,True
1609480980000,1033.911183,1033.911183,0,0,0.000000,0,0,0.8966409279320657260876608564,364,True
1609481040000,1033.911183,1033.911183,0,0,0.000000,0,0,0.8966409279320657260876608564,365,True
1609481100000,1033.911183,1033.911183,0,0,0.000000,0,0,0.8966409279320657260876608564,366,True
1609481160000,1033.911183,1033.911183,0,0,0.000000,0,0,0.8966409279320657260876608564,367,True
1609481220000,1033.911183,1033.911183,0,0,0.000000,0,0,0.8966409279320657260876608564,368,True
1609481280000,1033.911183,1033.911183,0,0,0.000000,0,0,0.8966409279320657260876608564,369,True
1609481340000,1033.911183,1033.911183,0,0,0.000000,0,0,0.8966409279320657260876608564,370,True
1609481400000,1033.911183,1033.911183,0,0,0.000000,0,0,0.8966409279320657260876608564,371,True
1609481460000,1033.911183,1033.911183,0,0,0.000000,0,0,0.8966409279320657260876608564,372,True
1609481520000,1033.911183,1033.911183,0,0,0.000000,0,0,0.8966409279320657260876608564,373,True
1609481580000,1033.911183,1033.911183,0,0,0.000000,0,0,0.8966409279320657260876608564,374,True
1609481640000,1033.911183,1033.911183,0,0,0.000000,0,0,0.8966409279320657260876608564,375,True
1609481700000,1033.911183,1033.911183,0,0,0.000000,0,0,0.8966409279320657260876608564,376,True
1609481760000,1033.911183,1033.911183,0,0,0.000000,0,0,0.8966409279320657260876608564,377,True
1609481820000,1033.911183,1033.911183,0,0,0.000000,0,0,0.8966409279320657260876608564,378,True
1609481880000,1033.911183,1033.911183,0,0,0.000000,0,0,0.8966409279320657260876608564,379,True
1609481940000,1033.911183,1033.911183,0,0,0.000000,0,0,0.8966409279320657260876608564,380,True
1609482000000,1033.911183,1033.911183,0,0,0.000000,0,0,0.8966409279320657260876608564,381,True
1609482060000,1033.911183,1033.911183,0,0,0.000000,0,0,0.8966409279320657260876608564,382,True
1609482120000,1033.911183,1033.911183,0,0,0.000000,0,0,0.8966409279320657260876608564,383,True
1609482180000,1033.911183,1033.911183,0,0,0.000000,0,0,0.8966409279320657260876608564,384,True
1609482240000,1033.911183,1033.911183,0,0,0.000000,0,0,0.8966409279320657260876608564,385,True
1609482300000,1033.911183,1033.911183,0,0,0.000000,0,0,0.8966409279320657260876608564,386,True
1609482360000,1033.911183,1033.911183,0,0,0.000000,0,0,0.8966409279320657260876608564,387,True
1609482420000,1033.911183,1033.911183,0,0,0.000000,0,0,0.8966409279320657260876608564,388,True
1609482480000,1033.911183,1033.911183,0,0,0.000000,0,0,0.8966409279320657260876608564,389,True
1609482540000,1033.911183,1033.911183,0,0,0.000000,0,0,0.8966409279320657260876608564,390,True
1609482600000,1033.911183,1033.911183,0,0,0.000000,0,0,0.8966409279320657260876608564,391,True
1609482660000,1033.911183,1033.911183,0,0,0.000000,0,0,0.8966409279320657260876608564,392,True
1609482720000,1033.911183,1033.911183,0,0,0.000000,0,0,0.8966409279320657260876608564,393,True
1609482780000,1033.911183,1033.911183,0,0,0.000000,0,0,0.8966409279320657260876608564,394,True
1609482840000,1033.911183,1033.911183,0,0,0.000000,0,0,0.8966409279320657260876608564,395,True
1609482900000,1033.911183,1033.911183,0,0,0.000000,0,0,0.8966409279320657260876608564,396,True
1609482960000,1033.911183,1033.911183,0,0,0.000000,0,0,0.8966409279320657260876608564,397,True
1609483020000,1033.911183,1033.911183,0,0,0.000000,0,0,0.8966409279320657260876608564,398,True
1609483080000,1033.911183,1033.911183,0,0,0.000000,0,0,0.8966409279320657260876608564,399,True
1609483140000,1033.911183,1033.911183,0,0,0.000000,0,0,0.8966409279320657260876608564,400,True
1609483200000,1033.911183,1033.911183,0,0,0.000000,0,0,0.8966409279320657260876608564,401,True
1609483260000,1033.911183,1033.911183,0,0,0.000000,0,0,0.8966409279320657260876608564,402,True
1609483320000,1033.911183,1033.911183,0,0,0.000000,0,0,0.8966409279320657260876608564,403,True
1609483380000,1033.911183,1033.911183,0,0,0.000000,0,0,0.8966409279320657260876608564,404,True
1609483440000,1033.911183,1033.911183,0,0,0.000000,0,0,0.8966409279320657260876608564,405,True
1609483500000,1033.911183,1033.911183,0,0,0.000000,0,0,0.8966409279320657260876608564,406,True
1609483560000,1033.911183,1033.911183,0,0,0.000000,0,0,0.8966409279320657260876608564,407,True
1609483620000,1033.911183,1033.911183,0,0,0.000000,0,0,0.8966409279320657260876608564,408,True
1609483680000,1033.911183,1033.911183,0,0,0.000000,0,0,0.8966409279320657260876608564,409,True
1609483740000,1033.911183,1033.911183,0,0,0.000000,0,0,0.8966409279320657260876608564,410,True
1609483800000,1033.911183,1033.911183,0,0,0.000000,0,0,0.8966409279320657260876608564,411,True
1609483860000,1033.911183,1033.911183,0,0,0.000000,0,0,0.8966409279320657260876608564,412,True
1609483920000,1033.911183,1033.911183,0,0,0.000000,0,0,0.8966409279320657260876608564,413,True
1609483980000,1033.911183,1033.911183,0,0,0.000000,0,0,0.8966409279320657260876608564,414,True
1609484040000,1033.911183,1033.911183,0,0,0.000000,0,0,0.8966409279320657260876608564,415,True
1609484100000,1033.911183,1033.911183,0,0,0.000000,0,0,0.8966409279320657260876608564,416,True
1609484160000,1033.911183,1033.911183,0,0,0.000000,0,0,0.8966409279320657260876608564,417,True
1609484220000,1033.911183,1033.911183,0,0,0.000000,0,0,0.8966409279320657260876608564,418,True
1609484280000,1033.911183,1033.911183,0,0,0.000000,0,0,0.8966409279320657260876608564,419,True
1609484340000,1033.911183,1033.911183,0,0,0.000000,0,0,0.8966409279320657260876608564,420,True
1609484400000,1033.911183,1033.911183,0,0,0.000000,0,0,0.8966409279320657260876608564,421,True
1609484460000,1033.911183,1033.911183,0,0,0.000000,0,0,0.8966409279320657260876608564,422,True
1609484520000,1033.911183,1033.911183,0,0,0.000000,0,0,0.8966409279320657260876608564,423,True
1609484580000,1033.911183,1033.911183,0,0,0.000000,0,0,0.8966409279320657260876608564,424,True
1609484640000,1033.911183,1033.911183,0,0,0.000000,0,0,0.8966409279320657260876608564,425,True
1609484700000,1033.911183,1033.911183,0,0,0.000000,0,0,0.8966409279320657260876608564,426,True
1609484760000,1033.911183,1033.911183,0,0,0.000000,0,0,0.8966409279320657260876608564,427,True
1609484820000,1033.911183,1033.911183,0,0,0.000000,0,0,0.8966409279320657260876608564,428,True
1609484880000,1033.911183,1033.911183,0,0,0.000000,0,0,0.8966409279320657260876608564,429,True
1609484940000,1033.911183,1033.911183,0,0,0.000000,0,0,0.8966409279320657260876608564,430,True
1609485000000,1033.911183,1033.911183,0,0,0.000000,0,0,0.8966409279320657260876608564,431,True
1609485060000,1033.911183,1033.911183,0,0,0.000000,0,0,0.8966409279320657260876608564,432,True
1609485120000,1033.911183,1033.911183,0,0,0.000000,0,0,0.8966409279320657260876608564,433,True
1609485180000,1033.911183,1033.911183,0,0,0.000000,0,0,0.8966409279320657260876608564,434,True
1609485240000,1033.911183,1033.911183,0,0,0.000000,0,0,0.8966409279320657260876608564,435,True
1609485300000,1033.911183,1033.911183,0,0,0.000000,0,0,0.8966409279320657260876608564,436,True
1609485360000,1033.911183,1033.911183,0,0,0.000000,0,0,0.8966409279320657260876608564,437,True
1609485420000,1033.911183,1033.911183,0,0,0.000000,0,0,0.8966409279320657260876608564,438,True
1609485480000,1033.911183,1033.911183,0,0,0.000000,0,0,0.8966409279320657260876608564,439,True
1609485540000,1033.911183,1033.911183,0,0,0.000000,0,0,0.8966409279320657260876608564,440,True
1609485600000,1033.911183,1033.911183,0,0,0.000000,0,0,0.8966409279320657260876608564,441,True
1609485660000,1033.911183,1033.911183,0,0,0.000000,0,0,0.8966409279320657260876608564,442,True
1609485720000,1033.911183,1033.911183,0,0,0.000000,0,0,0.8966409279320657260876608564,443,True
1609485780000,1033.911183,1033.911183,0,0,0.000000,0,0,0.8966409279320657260876608564,444,True
1609485840000,1033.911183,1033.911183,0,0,0.000000,0,0,0.8966409279320657260876608564,445,True
1609485900000,1033.911183,1033.911183,0,0,0.000000,0,0,0.8966409279320657260876608564,446,True
1609485960000,1033.911183,1033.911183,0,0,0.000000,0,0,0.8966409279320657260876608564,447,True
1609486020000,1033.911183,1033.911183,0,0,0.000000,0,0,0.8966409279320657260876608564,448,True
1609486080000,1033.911183,1033.911183,0,0,0.000000,0,0,0.8966409279320657260876608564,449,True
1609486140000,1033.911183,1033.911183,0,0,0.000000,0,0,0.8966409279320657260876608564,450,True
1609486200000,1033.911183,1033.911183,0,0,0.000000,0,0,0.8966409279320657260876608564,451,True
1609486260000,1033.911183,1033.911183,0,0,0.000000,0,0,0.8966409279320657260876608564,452,True
1609486320000,1033.911183,1033.911183,0,0,0.000000,0,0,0.8966409279320657260876608564,453,True
1609486380000,1033.911183,1033.911183,0,0,0.000000,0,0,0.8966409279320657260876608564,454,True
1609486440000,1033.911183,1033.911183,0,0,0.000000,0,0,0.8966409279320657260876608564,455,True
1609486500000,1033.911183,1033.911183,0,0,0.000000,0,0,0.8966409279320657260876608564,456,True
1609486560000,1033.911183,1033.911183,0,0,0.000000,0,0,0.8966409279320657260876608564,457,True
1609486620000,1033.911183,1033.911183,0,0,0.000000,0,0,0.8966409279320657260876608564,458,True
1609486680000,1033.911183,1033.911183,0,0,0.000000,0,0,0.8966409279320657260876608564,459,True
1609486740000,1033.911183,1033.911183,0,0,0.000000,0,0,0.8966409279320657260876608564,460,True
1609486800000,1033.911183,1033.911183,0,0,0.000000,0,0,0.8966409279320657260876608564,461,True
1609486860000,1033.911183,1033.911183,0,0,0.000000,0,0,0.8966409279320657260876608564,462,True
1609486920000,1033.911183,1033.911183,0,0,0.000000,0,0,0.8966409279320657260876608564,463,True
1609486980000,1033.911183,1033.911183,0,0,0.000000,0,0,0.8966409279320657260876608564,464,True
1609487040000,1033.911183,1033.911183,0,0,0.000000,0,0,0.8966409279320657260876608564,465,True
1609487100000,1033.911183,1033.911183,0,0,0.000000,0,0,0.8966409279320657260876608564,466,True
1609487160000,1033.911183,1033.911183,0,0,0.000000,0,0,0.8966409279320657260876608564,467,True
1609487220000,1033.911183,1033.911183,0,0,0.000000,0,0,0.8966409279320657260876608564,468,True
1609487280000,1033.911183,1033.911183,0,0,0.000000,0,0,0.8966409279320657260876608564,469,True
1609487340000,1033.911183,1033.911183,0,0,0.000000,0,0,0.8966409279320657260876608564,470,True
1609487400000,1033.911183,1033.911183,0,0,0.000000,0,0,0.8966409279320657260876608564,471,True
1609487460000,1033.911183,1033.911183,0,0,0.000000,0,0,0.8966409279320657260876608564,472,True
1609487520000,1033.911183,1033.911183,0,0,0.000000,0,0,0.8966409279320657260876608564,473,True
1609487580000,1033.911183,1033.911183,0,0,0.000000,0,0,0.8966409279320657260876608564,474,True
1609487640000,1033.911183,1033.911183,0,0,0.000000,0,0,0.8966409279320657260876608564,475,True
1609487700000,1033.911183,1033.911183,0,0,0.000000,0,0,0.8966409279320657260876608564,476,True
1609487760000,1033.911183,1033.911183,0,0,0.000000,0,0,0.8966409279320657260876608564,477,True
1609487820000,1033.911183,1033.911183,0,0,0.000000,0,0,0.8966409279320657260876608564,478,True
1609487880000,1033.911183,1033.911183,0,0,0.000000,0,0,0.8966409279320657260876608564,479,True
1609487940000,1033.911183,1033.911183,0,0,0.000000,0,0,0.8966409279320657260876608564,480,True
1609488000000,1033.911183,1033.911183,0,0,0.000000,0,0,0.8966409279320657260876608564,481,True
1609488060000,1033.911183,1033.911183,0,0,0.000000,0,0,0.8966409279320657260876608564,482,True
1609488120000,1033.911183,1033.911183,0,0,0.000000,0,0,0.8966409279320657260876608564,483,True
1609488180000,1033.911183,1033.911183,0,0,0.000000,0,0,0.8966409279320657260876608564,484,True
1609488240000,1033.911183,1033.911183,0,0,0.000000,0,0,0.8966409279320657260876608564,485,True
1609488300000,1033.911183,1033.911183,0,0,0.000000,0,0,0.8966409279320657260876608564,486,True
1609488360000,1033.911183,1033.911183,0,0,0.000000,0,0,0.8966409279320657260876608564,487,True
1609488420000,1033.911183,1033.911183,0,0,0.000000,0,0,0.8966409279320657260876608564,488,True
1609488480000,1033.911183,1033.911183,0,0,0.000000,0,0,0.8966409279320657260876608564,489,True
1609488540000,1033.911183,1033.911183,0,0,0.000000,0,0,0.8966409279320657260876608564,490,True
1609488600000,1033.911183,1033.911183,0,0,0.000000,0,0,0.8966409279320657260876608564,491,True
1609488660000,1033.911183,1033.911183,0,0,0.000000,0,0,0.8966409279320657260876608564,492,True
1609488720000,1033.911183,1033.911183,0,0,0.000000,0,0,0.8966409279320657260876608564,493,True
1609488780000,1033.911183,1033.911183,0,0,0.000000,0,0,0.8966409279320657260876608564,494,True
1609488840000,1033.911183,1033.911183,0,0,0.000000,0,0,0.8966409279320657260876608564,495,True
1609488900000,1033.911183,1033.911183,0,0,0.000000,0,0,0.8966409279320657260876608564,496,True
1609488960000,1033.911183,1033.911183,0,0,0.000000,0,0,0.8966409279320657260876608564,497,True
1609489020000,1033.911183,1033.911183,0,0,0.000000,0,0,0.8966409279320657260876608564,498,True
1609489080000,1033.911183,1033.911183,0,0,0.000000,0,0,0.8966409279320657260876608564,499,True
1609489140000,1033.911183,1033.911183,0,0,0.000000,0,0,0.8966409279320657260876608564,500,True
1609489200000,1033.911183,1033.911183,0,0,0.000000,0,0,0.8966409279320657260876608564,501,True
1609489260000,1033.911183,1033.911183,0,0,0.000000,0,0,0.8966409279320657260876608564,502,True
1609489320000,1033.911183,1033.911183,0,0,0.000000,0,0,0.8966409279320657260876608564,503,True
1609489380000,1033.911183,1033.911183,0,0,0.000000,0,0,0.8966409279320657260876608564,504,True
1609489440000,1033.911183,1033.911183,0,0,0.000000,0,0,0.8966409279320657260876608564,505,True
1609489500000,1033.911183,1033.911183,0,0,0.000000,0,0,0.8966409279320657260876608564,506,True
1609489560000,1033.911183,1033.911183,0,0,0.000000,0,0,0.8966409279320657260876608564,507,True
1609489620000,1033.911183,1033.911183,0,0,0.000000,0,0,0.8966409279320657260876608564,508,True
1609489680000,1033.911183,1033.911183,0,0,0.000000,0,0,0.8966409279320657260876608564,509,True
1609489740000,1033.911183,1033.911183,0,0,0.000000,0,0,0.8966409279320657260876608564,510,True
1609489800000,1033.911183,1033.911183,0,0,0.000000,0,0,0.8966409279320657260876608564,511,True
1609489860000,1033.911183,1033.911183,0,0,0.000000,0,0,0.8966409279320657260876608564,512,True
1609489920000,1033.911183,1033.911183,0,0,0.000000,0,0,0.8966409279320657260876608564,513,True
1609489980000,1033.911183,1033.911183,0,0,0.000000,0,0,0.8966409279320657260876608564,514,True
1609490040000,1033.911183,1033.911183,0,0,0.000000,0,0,0.8966409279320657260876608564,515,True
1609490100000,1033.911183,1033.911183,0,0,0.000000,0,0,0.8966409279320657260876608564,516,True
1609490160000,1033.911183,1033.911183,0,0,0.000000,0,0,0.8966409279320657260876608564,517,True
1609490220000,1033.911183,1033.911183,0,0,0.000000,0,0,0.8966409279320657260876608564,518,True
1609490280000,1033.911183,1033.911183,0,0,0.000000,0,0,0.8966409279320657260876608564,519,True
1609490340000,1033.911183,1033.911183,0,0,0.000000,0,0,0.8966409279320657260876608564,520,True
1609490400000,1033.911183,1033.911183,0,0,0.000000,0,0,0.8966409279320657260876608564,521,True
1609490460000,1033.911183,1033.911183,0,0,0.000000,0,0,0.8966409279320657260876608564,522,True
1609490520000,1033.911183,1033.911183,0,0,0.000000,0,0,0.8966409279320657260876608564,523,True
1609490580000,1033.911183,1033.911183,0,0,0.000000,0,0,0.8966409279320657260876608564,524,True
1609490640000,1033.911183,1033.911183,0,0,0.000000,0,0,0.8966409279320657260876608564,525,True
1609490700000,1033.911183,1033.911183,0,0,0.000000,0,0,0.8966409279320657260876608564,526,True
1609490760000,1033.911183,1033.911183,0,0,0.000000,0,0,0.8966409279320657260876608564,527,True
1609490820000,1033.911183,1033.911183,0,0,0.000000,0,0,0.8966409279320657260876608564,528,True
1609490880000,1033.911183,1033.911183,0,0,0.000000,0,0,0.8966409279320657260876608564,529,True
1609490940000,1033.911183,1033.911183,0,0,0.000000,0,0,0.8966409279320657260876608564,530,True
1609491000000,1033.911183,1033.911183,0,0,0.000000,0,0,0.8966409279320657260876608564,531,True
1609491060000,1033.911183,1033.911183,0,0,0.000000,0,0,0.8966409279320657260876608564,532,True
1609491120000,1033.911183,1033.911183,0,0,0.000000,0,0,0.8966409279320657260876608564,533,True
1609491180000,1033.911183,1033.911183,0,0,0.000000,0,0,0.8966409279320657260876608564,534,True
1609491240000,1033.911183,1033.911183,0,0,0.000000,0,0,0.8966409279320657260876608564,535,True
1609491300000,1033.911183,1033.911183,0,0,0.000000,0,0,0.8966409279320657260876608564,536,True
1609491360000,1033.911183,1033.911183,0,0,0.000000,0,0,0.8966409279320657260876608564,537,True
1609491420000,1033.911183,1033.911183,0,0,0.000000,0,0,0.8966409279320657260876608564,538,True
1609491480000,1033.911183,1033.911183,0,0,0.000000,0,0,0.8966409279320657260876608564,539,True
1609491540000,1033.911183,1033.911183,0,0,0.000000,0,0,0.8966409279320657260876608564,540,True
1609491600000,1033.911183,1033.911183,0,0,0.000000,0,0,0.8966409279320657260876608564,541,True
1609491660000,1033.911183,1033.911183,0,0,0.000000,0,0,0.8966409279320657260876608564,542,True
1609491720000,1033.911183,1033.911183,0,0,0.000000,0,0,0.8966409279320657260876608564,543,True
1609491780000,1033.911183,1033.911183,0,0,0.000000,0,0,0.8966409279320657260876608564,544,True
1609491840000,1033.911183,1033.911183,0,0,0.000000,0,0,0.8966409279320657260876608564,545,True
1609491900000,1033.911183,1033.911183,0,0,0.000000,0,0,0.8966409279320657260876608564,546,True
1609491960000,1033.911183,1033.911183,0,0,0.000000,0,0,0.8966409279320657260876608564,547,True
1609492020000,1033.911183,1033.911183,0,0,0.000000,0,0,0.8966409279320657260876608564,548,True
1609492080000,1033.911183,1033.911183,0,0,0.000000,0,0,0.8966409279320657260876608564,549,True
1609492140000,1033.911183,1033.911183,0,0,0.000000,0,0,0.8966409279320657260876608564,550,True
1609492200000,1033.911183,1033.911183,0,0,0.000000,0,0,0.8966409279320657260876608564,551,True
1609492260000,1033.911183,1033.911183,0,0,0.000000,0,0,0.8966409279320657260876608564,552,True
1609492320000,1033.911183,1033.911183,0,0,0.000000,0,0,0.8966409279320657260876608564,553,True
1609492380000,1033.911183,1033.911183,0,0,0.000000,0,0,0.8966409279320657260876608564,554,True
1609492440000,1033.911183,1033.911183,0,0,0.000000,0,0,0.8966409279320657260876608564,555,True
1609492500000,1033.911183,1033.911183,0,0,0.000000,0,0,0.8966409279320657260876608564,556,True
1609492560000,1033.911183,1033.911183,0,0,0.000000,0,0,0.8966409279320657260876608564,557,True
1609492620000,1033.911183,1033.911183,0,0,0.000000,0,0,0.8966409279320657260876608564,558,True
1609492680000,1033.911183,1033.911183,0,0,0.000000,0,0,0.8966409279320657260876608564,559,True
1609492740000,1033.911183,1033.911183,0,0,0.000000,0,0,0.8966409279320657260876608564,560,True
1609492800000,1033.911183,1033.911183,0,0,0.000000,0,0,0.8966409279320657260876608564,561,True
1609492860000,1033.911183,1033.911183,0,0,0.000000,0,0,0.8966409279320657260876608564,562,True
1609492920000,1033.911183,1033.911183,0,0,0.000000,0,0,0.8966409279320657260876608564,563,True
1609492980000,1033.911183,1033.911183,0,0,0.000000,0,0,0.8966409279320657260876608564,564,True
1609493040000,1033.911183,1033.911183,0,0,0.000000,0,0,0.8966409279320657260876608564,565,True
1609493100000,1033.911183,1033.911183,0,0,0.000000,0,0,0.8966409279320657260876608564,566,True
1609493160000,1033.911183,1033.911183,0,0,0.000000,0,0,0.8966409279320657260876608564,567,True
1609493220000,1033.911183,1033.911183,0,0,0.000000,0,0,0.8966409279320657260876608564,568,True
1609493280000,1033.911183,1033.911183,0,0,0.000000,0,0,0.8966409279320657260876608564,569,True
1609493340000,1033.911183,1033.911183,0,0,0.000000,0,0,0.8966409279320657260876608564,570,True
1609493400000,1033.911183,1033.911183,0,0,0.000000,0,0,0.8966409279320657260876608564,571,True
1609493460000,1033.911183,1033.911183,0,0,0.000000,0,0,0.8966409279320657260876608564,572,True
1609493520000,1033.911183,1033.911183,0,0,0.000000,0,0,0.8966409279320657260876608564,573,True
1609493580000,1033.911183,1033.911183,0,0,0.000000,0,0,0.8966409279320657260876608564,574,True
1609493640000,1033.911183,1033.911183,0,0,0.000000,0,0,0.8966409279320657260876608564,575,True
1609493700000,1033.911183,1033.911183,0,0,0.000000,0,0,0.8966409279320657260876608564,576,True
1609493760000,1033.911183,1033.911183,0,0,0.000000,0,0,0.8966409279320657260876608564,577,True
1609493820000,1033.911183,1033.911183,0,0,0.000000,0,0,0.8966409279320657260876608564,578,True
1609493880000,1033.911183,1033.911183,0,0,0.000000,0,0,0.8966409279320657260876608564,579,True
1609493940000,1033.911183,1033.911183,0,0,0.000000,0,0,0.8966409279320657260876608564,580,True
1609494000000,1033.911183,1033.911183,0,0,0.000000,0,0,0.8966409279320657260876608564,581,True
1609494060000,1033.911183,1033.911183,0,0,0.000000,0,0,0.8966409279320657260876608564,582,True
1609494120000,1033.911183,1033.911183,0,0,0.000000,0,0,0.8966409279320657260876608564,583,True
1609494180000,1033.911183,1033.911183,0,0,0.000000,0,0,0.8966409279320657260876608564,584,True
1609494240000,1033.911183,1033.911183,0,0,0.000000,0,0,0.8966409279320657260876608564,585,True
1609494300000,1033.911183,1033.911183,0,0,0.000000,0,0,0.8966409279320657260876608564,586,True
1609494360000,1033.911183,1033.911183,0,0,0.000000,0,0,0.8966409279320657260876608564,587,True
1609494420000,1033.911183,1033.911183,0,0,0.000000,0,0,0.8966409279320657260876608564,588,True
1609494480000,1033.911183,1033.911183,0,0,0.000000,0,0,0.8966409279320657260876608564,589,True
1609494540000,1033.911183,1033.911183,0,0,0.000000,0,0,0.8966409279320657260876608564,590,True
1609494600000,1033.911183,1033.911183,0,0,0.000000,0,0,0.8966409279320657260876608564,591,True
1609494660000,1033.911183,1033.911183,0,0,0.000000,0,0,0.8966409279320657260876608564,592,True
1609494720000,1033.911183,1033.911183,0,0,0.000000,0,0,0.8966409279320657260876608564,593,True
1609494780000,1033.911183,1033.911183,0,0,0.000000,0,0,0.8966409279320657260876608564,594,True
1609494840000,1033.911183,1033.911183,0,0,0.000000,0,0,0.8966409279320657260876608564,595,True
1609494900000,1033.911183,1033.911183,0,0,0.000000,0,0,0.8966409279320657260876608564,596,True
1609494960000,1033.911183,1033.911183,0,0,0.000000,0,0,0.8966409279320657260876608564,597,True
1609495020000,1033.911183,1033.911183,0,0,0.000000,0,0,0.8966409279320657260876608564,598,True
1609495080000,1033.911183,1033.911183,0,0,0.000000,0,0,0.8966409279320657260876608564,599,True
1609495140000,1033.911183,1033.911183,0,0,0.000000,0,0,0.8966409279320657260876608564,600,True
1609495200000,1033.911183,1033.911183,0,0,0.000000,0,0,0.8966409279320657260876608564,601,True
1609495260000,1033.911183,1033.911183,0,0,0.000000,0,0,0.8966409279320657260876608564,602,True
1609495320000,1033.911183,1033.911183,0,0,0.000000,0,0,0.8966409279320657260876608564,603,True
1609495380000,1033.911183,1033.911183,0,0,0.000000,0,0,0.8966409279320657260876608564,604,True
1609495440000,1033.911183,1033.911183,0,0,0.000000,0,0,0.8966409279320657260876608564,605,True
1609495500000,1033.911183,1033.911183,0,0,0.000000,0,0,0.8966409279320657260876608564,606,True
1609495560000,1033.911183,1033.911183,0,0,0.000000,0,0,0.8966409279320657260876608564,607,True
1609495620000,1033.911183,1033.911183,0,0,0.000000,0,0,0.8966409279320657260876608564,608,True
1609495680000,1033.911183,1033.911183,0,0,0.000000,0,0,0.8966409279320657260876608564,609,True
1609495740000,1033.911183,1033.911183,0,0,0.000000,0,0,0.8966409279320657260876608564,610,True
1609495800000,1033.911183,1033.911183,0,0,0.000000,0,0,0.8966409279320657260876608564,611,True
1609495860000,1033.911183,1033.911183,0,0,0.000000,0,0,0.8966409279320657260876608564,612,True
1609495920000,1033.911183,1033.911183,0,0,0.000000,0,0,0.8966409279320657260876608564,613,True
1609495980000,1033.911183,1033.911183,0,0,0.000000,0,0,0.8966409279320657260876608564,614,True
1609496040000,1033.911183,1033.911183,0,0,0.000000,0,0,0.8966409279320657260876608564,615,True
1609496100000,1033.911183,1033.911183,0,0,0.000000,0,0,0.8966409279320657260876608564,616,True
1609496160000,1033.911183,1033.911183,0,0,0.000000,0,0,0.8966409279320657260876608564,617,True
1609496220000,1033.911183,1033.911183,0,0,0.000000,0,0,0.8966409279320657260876608564,618,True
1609496280000,1033.911183,1033.911183,0,0,0.000000,0,0,0.8966409279320657260876608564,619,True
1609496340000,1033.911183,1033.911183,0,0,0.000000,0,0,0.8966409279320657260876608564,620,True
1609496400000,1033.911183,1033.911183,0,0,0.000000,0,0,0.8966409279320657260876608564,621,True
1609496460000,1033.911183,1033.911183,0,0,0.000000,0,0,0.8966409279320657260876608564,622,True
1609496520000,1033.911183,1033.911183,0,0,0.000000,0,0,0.8966409279320657260876608564,623,True
1609496580000,1033.911183,1033.911183,0,0,0.000000,0,0,0.8966409279320657260876608564,624,True
1609496640000,1033.911183,1033.911183,0,0,0.000000,0,0,0.8966409279320657260876608564,625,True
1609496700000,1033.911183,1033.911183,0,0,0.000000,0,0,0.8966409279320657260876608564,626,True
1609496760000,1033.911183,1033.911183,0,0,0.000000,0,0,0.8966409279320657260876608564,627,True
1609496820000,1033.911183,1033.911183,0,0,0.000000,0,0,0.8966409279320657260876608564,628,True
1609496880000,1033.911183,1033.911183,0,0,0.000000,0,0,0.8966409279320657260876608564,629,True
1609496940000,1033.911183,1033.911183,0,0,0.000000,0,0,0.8966409279320657260876608564,630,True
1609497000000,1033.911183,1033.911183,0,0,0.000000,0,0,0.8966409279320657260876608564,631,True
1609497060000,1033.911183,1033.911183,0,0,0.000000,0,0,0.8966409279320657260876608564,632,True
1609497120000,1033.911183,1033.911183,0,0,0.000000,0,0,0.8966409279320657260876608564,633,True
1609497180000,1033.911183,1033.911183,0,0,0.000000,0,0,0.8966409279320657260876608564,634,True
1609497240000,1033.911183,1033.911183,0,0,0.000000,0,0,0.8966409279320657260876608564,635,True
1609497300000,1033.911183,1033.911183,0,0,0.000000,0,0,0.8966409279320657260876608564,636,True
1609497360000,1033.911183,1033.911183,0,0,0.000000,0,0,0.8966409279320657260876608564,637,True
1609497420000,1033.911183,1033.911183,0,0,0.000000,0,0,0.8966409279320657260876608564,638,True
1609497480000,1033.911183,1033.911183,0,0,0.000000,0,0,0.8966409279320657260876608564,639,True
1609497540000,1033.911183,1033.911183,0,0,0.000000,0,0,0.8966409279320657260876608564,640,True
1609497600000,1033.911183,1033.911183,0,0,0.000000,0,0,0.8966409279320657260876608564,641,True
1609497660000,1033.911183,1033.911183,0,0,0.000000,0,0,0.8966409279320657260876608564,642,True
1609497720000,1033.911183,1033.911183,0,0,0.000000,0,0,0.8966409279320657260876608564,643,True
1609497780000,1033.911183,1033.911183,0,0,0.000000,0,0,0.8966409279320657260876608564,644,True
1609497840000,1033.911183,1033.911183,0,0,0.000000,0,0,0.8966409279320657260876608564,645,True
1609497900000,1033.911183,1033.911183,0,0,0.000000,0,0,0.8966409279320657260876608564,646,True
1609497960000,1033.911183,1033.911183,0,0,0.000000,0,0,0.8966409279320657260876608564,647,True
1609498020000,1033.911183,1033.911183,0,0,0.000000,0,0,0.8966409279320657260876608564,648,True
1609498080000,1033.911183,1033.911183,0,0,0.000000,0,0,0.8966409279320657260876608564,649,True
1609498140000,1033.911183,1033.911183,0,0,0.000000,0,0,0.8966409279320657260876608564,650,True
1609498200000,1033.911183,1033.911183,0,0,0.000000,0,0,0.8966409279320657260876608564,651,True
1609498260000,1033.911183,1033.911183,0,0,0.000000,0,0,0.8966409279320657260876608564,652,True
1609498320000,1033.911183,1033.911183,0,0,0.000000,0,0,0.8966409279320657260876608564,653,True
1609498380000,1033.911183,1033.911183,0,0,0.000000,0,0,0.8966409279320657260876608564,654,True
1609498440000,1033.911183,1033.911183,0,0,0.000000,0,0,0.8966409279320657260876608564,655,True
1609498500000,1033.911183,1033.911183,0,0,0.000000,0,0,0.8966409279320657260876608564,656,True
1609498560000,1033.911183,1033.911183,0,0,0.000000,0,0,0.8966409279320657260876608564,657,True
1609498620000,1033.911183,1033.911183,0,0,0.000000,0,0,0.8966409279320657260876608564,658,True
1609498680000,1033.911183,1033.911183,0,0,0.000000,0,0,0.8966409279320657260876608564,659,True
1609498740000,1033.911183,1033.911183,0,0,0.000000,0,0,0.8966409279320657260876608564,660,True
1609498800000,1033.911183,1033.911183,0,0,0.000000,0,0,0.8966409279320657260876608564,661,True
1609498860000,1033.911183,1033.911183,0,0,0.000000,0,0,0.8966409279320657260876608564,662,True
1609498920000,1033.911183,1033.911183,0,0,0.000000,0,0,0.8966409279320657260876608564,663,True
1609498980000,1033.911183,1033.911183,0,0,0.000000,0,0,0.8966409279320657260876608564,664,True
1609499040000,1033.911183,1033.911183,0,0,0.000000,0,0,0.8966409279320657260876608564,665,True
1609499100000,1033.911183,1033.911183,0,0,0.000000,0,0,0.8966409279320657260876608564,666,True
1609499160000,1033.911183,1033.911183,0,0,0.000000,0,0,0.8966409279320657260876608564,667,True
1609499220000,1033.911183,1033.911183,0,0,0.000000,0,0,0.8966409279320657260876608564,668,True
1609499280000,1033.911183,1033.911183,0,0,0.000000,0,0,0.8966409279320657260876608564,669,True
1609499340000,1033.911183,1033.911183,0,0,0.000000,0,0,0.8966409279320657260876608564,670,True
1609499400000,1033.911183,1033.911183,0,0,0.000000,0,0,0.8966409279320657260876608564,671,True
1609499460000,1033.911183,1033.911183,0,0,0.000000,0,0,0.8966409279320657260876608564,672,True
1609499520000,1033.911183,1033.911183,0,0,0.000000,0,0,0.8966409279320657260876608564,673,True
1609499580000,1033.911183,1033.911183,0,0,0.000000,0,0,0.8966409279320657260876608564,674,True
1609499640000,1033.911183,1033.911183,0,0,0.000000,0,0,0.8966409279320657260876608564,675,True
1609499700000,1033.911183,1033.911183,0,0,0.000000,0,0,0.8966409279320657260876608564,676,True
1609499760000,1033.911183,1033.911183,0,0,0.000000,0,0,0.8966409279320657260876608564,677,True
1609499820000,1033.911183,1033.911183,0,0,0.000000,0,0,0.8966409279320657260876608564,678,True
1609499880000,1033.911183,1033.911183,0,0,0.000000,0,0,0.8966409279320657260876608564,679,True
1609499940000,1033.911183,1033.911183,0,0,0.000000,0,0,0.8966409279320657260876608564,680,True
1609500000000,1033.911183,1033.911183,0,0,0.000000,0,0,0.8966409279320657260876608564,681,True
1609500060000,1033.911183,1033.911183,0,0,0.000000,0,0,0.8966409279320657260876608564,682,True
1609500120000,1033.911183,1033.911183,0,0,0.000000,0,0,0.8966409279320657260876608564,683,True
1609500180000,1033.911183,1033.911183,0,0,0.000000,0,0,0.8966409279320657260876608564,684,True
1609500240000,1033.911183,1033.911183,0,0,0.000000,0,0,0.8966409279320657260876608564,685,True
1609500300000,1033.911183,1033.911183,0,0,0.000000,0,0,0.8966409279320657260876608564,686,True
1609500360000,1033.911183,1033.911183,0,0,0.000000,0,0,0.8966409279320657260876608564,687,True
1609500420000,1033.911183,1033.911183,0,0,0.000000,0,0,0.8966409279320657260876608564,688,True
1609500480000,1033.911183,1033.911183,0,0,0.000000,0,0,0.8966409279320657260876608564,689,True
1609500540000,1033.911183,1033.911183,0,0,0.000000,0,0,0.8966409279320657260876608564,690,True
1609500600000,1033.911183,1033.911183,0,0,0.000000,0,0,0.8966409279320657260876608564,691,True
1609500660000,1033.911183,1033.911183,0,0,0.000000,0,0,0.8966409279320657260876608564,692,True
1609500720000,1033.911183,1033.911183,0,0,0.000000,0,0,0.8966409279320657260876608564,693,True
1609500780000,1033.911183,1033.911183,0,0,0.000000,0,0,0.8966409279320657260876608564,694,True
1609500840000,1033.911183,1033.911183,0,0,0.000000,0,0,0.8966409279320657260876608564,695,True
1609500900000,1033.911183,1033.911183,0,0,0.000000,0,0,0.8966409279320657260876608564,696,True
1609500960000,1033.911183,1033.911183,0,0,0.000000,0,0,0.8966409279320657260876608564,697,True
1609501020000,1033.911183,1033.911183,0,0,0.000000,0,0,0.8966409279320657260876608564,698,True
1609501080000,1033.911183,1033.911183,0,0,0.000000,0,0,0.8966409279320657260876608564,699,True
1609501140000,1033.911183,1033.911183,0,0,0.000000,0,0,0.8966409279320657260876608564,700,True
1609501200000,1033.911183,1033.911183,0,0,0.000000,0,0,0.8966409279320657260876608564,701,True
1609501260000,1033.911183,1033.911183,0,0,0.000000,0,0,0.8966409279320657260876608564,702,True
1609501320000,1033.911183,1033.911183,0,0,0.000000,0,0,0.8966409279320657260876608564,703,True
1609501380000,1033.911183,1033.911183,0,0,0.000000,0,0,0.8966409279320657260876608564,704,True
1609501440000,1033.911183,1033.911183,0,0,0.000000,0,0,0.8966409279320657260876608564,705,True
1609501500000,1033.911183,1033.911183,0,0,0.000000,0,0,0.8966409279320657260876608564,706,True
1609501560000,1033.911183,1033.911183,0,0,0.000000,0,0,0.8966409279320657260876608564,707,True
1609501620000,1033.911183,1033.911183,0,0,0.000000,0,0,0.8966409279320657260876608564,708,True
1609501680000,1033.911183,1033.911183,0,0,0.000000,0,0,0.8966409279320657260876608564,709,True
1609501740000,1033.911183,1033.911183,0,0,0.000000,0,0,0.8966409279320657260876608564,710,True
1609501800000,1033.911183,1033.911183,0,0,0.000000,0,0,0.8966409279320657260876608564,711,True
1609501860000,1033.911183,1033.911183,0,0,0.000000,0,0,0.8966409279320657260876608564,712,True
1609501920000,1033.911183,1033.911183,0,0,0.000000,0,0,0.8966409279320657260876608564,713,True
1609501980000,1033.911183,1033.911183,0,0,0.000000,0,0,0.8966409279320657260876608564,714,True
1609502040000,1033.911183,1033.911183,0,0,0.000000,0,0,0.8966409279320657260876608564,715,True
1609502100000,1033.911183,1033.911183,0,0,0.000000,0,0,0.8966409279320657260876608564,716,True
1609502160000,1033.911183,1033.911183,0,0,0.000000,0,0,0.8966409279320657260876608564,717,True
1609502220000,1033.911183,1033.911183,0,0,0.000000,0,0,0.8966409279320657260876608564,718,True
1609502280000,1033.911183,1033.911183,0,0,0.000000,0,0,0.8966409279320657260876608564,719,True
1609502340000,1033.911183,1033.911183,0,0,0.000000,0,0,0.8966409279320657260876608564,720,True
1609502400000,1033.911183,1033.911183,0,0,0.000000,0,0,0.8966409279320657260876608564,721,True
1609502460000,1033.911183,1033.911183,0,0,0.000000,0,0,0.8966409279320657260876608564,722,True
1609502520000,1033.911183,1033.911183,0,0,0.000000,0,0,0.8966409279320657260876608564,723,True
1609502580000,1033.911183,1033.911183,0,0,0.000000,0,0,0.8966409279320657260876608564,724,True
1609502640000,1033.911183,1033.911183,0,0,0.000000,0,0,0.8966409279320657260876608564,725,True
1609502700000,1033.911183,1033.911183,0,0,0.000000,0,0,0.8966409279320657260876608564,726,True
1609502760000,1033.911183,1033.911183,0,0,0.000000,0,0,0.8966409279320657260876608564,727,True
1609502820000,1033.911183,1033.911183,0,0,0.000000,0,0,0.8966409279320657260876608564,728,True
1609502880000,1033.911183,1033.911183,0,0,0.000000,0,0,0.8966409279320657260876608564,729,True
1609502940000,1033.911183,1033.911183,0,0,0.000000,0,0,0.8966409279320657260876608564,730,True
1609503000000,1033.911183,1033.911183,0,0,0.000000,0,0,0.8966409279320657260876608564,731,True
1609503060000,1033.911183,1033.911183,0,0,0.000000,0,0,0.8966409279320657260876608564,732,True
1609503120000,1033.911183,1033.911183,0,0,0.000000,0,0,0.8966409279320657260876608564,733,True
1609503180000,1033.911183,1033.911183,0,0,0.000000,0,0,0.8966409279320657260876608564,734,True
1609503240000,1033.911183,1033.911183,0,0,0.000000,0,0,0.8966409279320657260876608564,735,True
1609503300000,1033.911183,1033.911183,0,0,0.000000,0,0,0.8966409279320657260876608564,736,True
1609503360000,1033.911183,1033.911183,0,0,0.000000,0,0,0.8966409279320657260876608564,737,True
1609503420000,1033.911183,1033.911183,0,0,0.000000,0,0,0.8966409279320657260876608564,738,True
1609503480000,1033.911183,1033.911183,0,0,0.000000,0,0,0.8966409279320657260876608564,739,True
1609503540000,1033.911183,1033.911183,0,0,0.000000,0,0,0.8966409279320657260876608564,740,True
1609503600000,1033.911183,1033.911183,0,0,0.000000,0,0,0.8966409279320657260876608564,741,True
1609503660000,1033.911183,1033.911183,0,0,0.000000,0,0,0.8966409279320657260876608564,742,True
1609503720000,1033.911183,1033.911183,0,0,0.000000,0,0,0.8966409279320657260876608564,743,True
1609503780000,1033.911183,1033.911183,0,0,0.000000,0,0,0.8966409279320657260876608564,744,True
1609503840000,1033.911183,1033.911183,0,0,0.000000,0,0,0.8966409279320657260876608564,745,True
1609503900000,1033.911183,1033.911183,0,0,0.000000,0,0,0.8966409279320657260876608564,746,True
1609503960000,1033.911183,1033.911183,0,0,0.000000,0,0,0.8966409279320657260876608564,747,True
1609504020000,1033.911183,1033.911183,0,0,0.000000,0,0,0.8966409279320657260876608564,748,True
1609504080000,1033.911183,1033.911183,0,0,0.000000,0,0,0.8966409279320657260876608564,749,True
1609504140000,1033.911183,1033.911183,0,0,0.000000,0,0,0.8966409279320657260876608564,750,True
1609504200000,1033.911183,1033.911183,0,0,0.000000,0,0,0.8966409279320657260876608564,751,True
1609504260000,1033.911183,1033.911183,0,0,0.000000,0,0,0.8966409279320657260876608564,752,True
1609504320000,1033.911183,1033.911183,0,0,0.000000,0,0,0.8966409279320657260876608564,753,True
1609504380000,1033.911183,1033.911183,0,0,0.000000,0,0,0.8966409279320657260876608564,754,True
1609504440000,1033.911183,1033.911183,0,0,0.000000,0,0,0.8966409279320657260876608564,755,True
1609504500000,1033.911183,1033.911183,0,0,0.000000,0,0,0.8966409279320657260876608564,756,True
1609504560000,1033.911183,1033.911183,0,0,0.000000,0,0,0.8966409279320657260876608564,757,True
1609504620000,1033.911183,1033.911183,0,0,0.000000,0,0,0.8966409279320657260876608564,758,True
1609504680000,1033.911183,1033.911183,0,0,0.000000,0,0,0.8966409279320657260876608564,759,True
1609504740000,1033.911183,1033.911183,0,0,0.000000,0,0,0.8966409279320657260876608564,760,True
1609504800000,1033.911183,1033.911183,0,0,0.000000,0,0,0.8966409279320657260876608564,761,True
1609504860000,1033.911183,1033.911183,0,0,0.000000,0,0,0.8966409279320657260876608564,762,True
1609504920000,1033.911183,1033.911183,0,0,0.000000,0,0,0.8966409279320657260876608564,763,True
1609504980000,1033.911183,1033.911183,0,0,0.000000,0,0,0.8966409279320657260876608564,764,True
1609505040000,1033.911183,1033.911183,0,0,0.000000,0,0,0.8966409279320657260876608564,765,True
1609505100000,1033.911183,1033.911183,0,0,0.000000,0,0,0.8966409279320657260876608564,766,True
1609505160000,1033.911183,1033.911183,0,0,0.000000,0,0,0.8966409279320657260876608564,767,True
1609505220000,1033.911183,1033.911183,0,0,0.000000,0,0,0.8966409279320657260876608564,768,True
1609505280000,1033.911183,1033.911183,0,0,0.000000,0,0,0.8966409279320657260876608564,769,True
1609505340000,1033.911183,1033.911183,0,0,0.000000,0,0,0.8966409279320657260876608564,770,True
1609505400000,1033.911183,1033.911183,0,0,0.000000,0,0,0.8966409279320657260876608564,771,True
1609505460000,1033.911183,1033.911183,0,0,0.000000,0,0,0.8966409279320657260876608564,772,True
1609505520000,1033.911183,1033.911183,0,0,0.000000,0,0,0.8966409279320657260876608564,773,True
1609505580000,1033.911183,1033.911183,0,0,0.000000,0,0,0.8966409279320657260876608564,774,True
1609505640000,1033.911183,1033.911183,0,0,0.000000,0,0,0.8966409279320657260876608564,775,True
1609505700000,1033.911183,1033.911183,0,0,0.000000,0,0,0.8966409279320657260876608564,776,True
1609505760000,1033.911183,1033.911183,0,0,0.000000,0,0,0.8966409279320657260876608564,777,True
1609505820000,1033.911183,1033.911183,0,0,0.000000,0,0,0.8966409279320657260876608564,778,True
1609505880000,1033.911183,1033.911183,0,0,0.000000,0,0,0.8966409279320657260876608564,779,True
1609505940000,1033.911183,1033.911183,0,0,0.000000,0,0,0.8966409279320657260876608564,780,True
1609506000000,1033.911183,1033.911183,0,0,0.000000,0,0,0.8966409279320657260876608564,781,True
1609506060000,1033.911183,1033.911183,0,0,0.000000,0,0,0.8966409279320657260876608564,782,True
1609506120000,1033.911183,1033.911183,0,0,0.000000,0,0,0.8966409279320657260876608564,783,True
1609506180000,1033.911183,1033.911183,0,0,0.000000,0,0,0.8966409279320657260876608564,784,True
1609506240000,1033.911183,1033.911183,0,0,0.000000,0,0,0.8966409279320657260876608564,785,True
1609506300000,1033.911183,1033.911183,0,0,0.000000,0,0,0.8966409279320657260876608564,786,True
1609506360000,1033.911183,1033.911183,0,0,0.000000,0,0,0.8966409279320657260876608564,787,True
1609506420000,1033.911183,1033.911183,0,0,0.000000,0,0,0.8966409279320657260876608564,788,True
1609506480000,1033.911183,1033.911183,0,0,0.000000,0,0,0.8966409279320657260876608564,789,True
1609506540000,1033.911183,1033.911183,0,0,0.000000,0,0,0.8966409279320657260876608564,790,True
1609506600000,1033.911183,1033.911183,0,0,0.000000,0,0,0.8966409279320657260876608564,791,True
1609506660000,1033.911183,1033.911183,0,0,0.000000,0,0,0.8966409279320657260876608564,792,True
1609506720000,1033.911183,1033.911183,0,0,0.000000,0,0,0.8966409279320657260876608564,793,True
1609506780000,1033.911183,1033.911183,0,0,0.000000,0,0,0.8966409279320657260876608564,794,True
1609506840000,1033.911183,1033.911183,0,0,0.000000,0,0,0.8966409279320657260876608564,795,True
1609506900000,1033.911183,1033.911183,0,0,0.000000,0,0,0.8966409279320657260876608564,796,True
1609506960000,1033.911183,1033.911183,0,0,0.000000,0,0,0.8966409279320657260876608564,797,True
1609507020000,1033.911183,1033.911183,0,0,0.000000,0,0,0.8966409279320657260876608564,798,True
1609507080000,1033.911183,1033.911183,0,0,0.000000,0,0,0.8966409279320657260876608564,799,True
1609507140000,1033.911183,1033.911183,0,0,0.000000,0,0,0.8966409279320657260876608564,800,True
1609507200000,1033.911183,1033.911183,0,0,0.000000,0,0,0.8966409279320657260876608564,801,True
1609507260000,1033.911183,1033.911183,0,0,0.000000,0,0,0.8966409279320657260876608564,802,True
1609507320000,1033.911183,1033.911183,0,0,0.000000,0,0,0.8966409279320657260876608564,803,True
1609507380000,1033.911183,1033.911183,0,0,0.000000,0,0,0.8966409279320657260876608564,804,True
1609507440000,1033.911183,1033.911183,0,0,0.000000,0,0,0.8966409279320657260876608564,805,True
1609507500000,1033.911183,1033.911183,0,0,0.000000,0,0,0.8966409279320657260876608564,806,True
1609507560000,1033.911183,1033.911183,0,0,0.000000,0,0,0.8966409279320657260876608564,807,True
1609507620000,1033.911183,1033.911183,0,0,0.000000,0,0,0.8966409279320657260876608564,808,True
1609507680000,1033.911183,1033.911183,0,0,0.000000,0,0,0.8966409279320657260876608564,809,True
1609507740000,1033.911183,1033.911183,0,0,0.000000,0,0,0.8966409279320657260876608564,810,True
1609507800000,1033.911183,1033.911183,0,0,0.000000,0,0,0.8966409279320657260876608564,811,True
1609507860000,1033.911183,1033.911183,0,0,0.000000,0,0,0.8966409279320657260876608564,812,True
1609507920000,1033.911183,1033.911183,0,0,0.000000,0,0,0.8966409279320657260876608564,813,True
1609507980000,1033.911183,1033.911183,0,0,0.000000,0,0,0.8966409279320657260876608564,814,True
1609508040000,1033.911183,1033.911183,0,0,0.000000,0,0,0.8966409279320657260876608564,815,True
1609508100000,1033.911183,1033.911183,0,0,0.000000,0,0,0.8966409279320657260876608564,816,True
1609508160000,1033.911183,1033.911183,0,0,0.000000,0,0,0.8966409279320657260876608564,817,True
1609508220000,1033.911183,1033.911183,0,0,0.000000,0,0,0.8966409279320657260876608564,818,True
1609508280000,1033.911183,1033.911183,0,0,0.000000,0,0,0.8966409279320657260876608564,819,True
1609508340000,1033.911183,1033.911183,0,0,0.000000,0,0,0.8966409279320657260876608564,820,True
1609508400000,1033.911183,1033.911183,0,0,0.000000,0,0,0.8966409279320657260876608564,821,True
1609508460000,1033.911183,1033.911183,0,0,0.000000,0,0,0.8966409279320657260876608564,822,True
1609508520000,1033.911183,1033.911183,0,0,0.000000,0,0,0.8966409279320657260876608564,823,True
1609508580000,1033.911183,1033.911183,0,0,0.000000,0,0,0.8966409279320657260876608564,824,True
1609508640000,1033.911183,1033.911183,0,0,0.000000,0,0,0.8966409279320657260876608564,825,True
1609508700000,1033.911183,1033.911183,0,0,0.000000,0,0,0.8966409279320657260876608564,826,True
1609508760000,1033.911183,1033.911183,0,0,0.000000,0,0,0.8966409279320657260876608564,827,True
1609508820000,1033.911183,1033.911183,0,0,0.000000,0,0,0.8966409279320657260876608564,828,True
1609508880000,1033.911183,1033.911183,0,0,0.000000,0,0,0.8966409279320657260876608564,829,True
1609508940000,1033.911183,1033.911183,0,0,0.000000,0,0,0.8966409279320657260876608564,830,True
1609509000000,1033.911183,1033.911183,0,0,0.000000,0,0,0.8966409279320657260876608564,831,True
1609509060000,1033.911183,1033.911183,0,0,0.000000,0,0,0.8966409279320657260876608564,832,True
1609509120000,1033.911183,1033.911183,0,0,0.000000,0,0,0.8966409279320657260876608564,833,True
1609509180000,1033.911183,1033.911183,0,0,0.000000,0,0,0.8966409279320657260876608564,834,True
1609509240000,1033.911183,1033.911183,0,0,0.000000,0,0,0.8966409279320657260876608564,835,True
1609509300000,1033.911183,1033.911183,0,0,0.000000,0,0,0.8966409279320657260876608564,836,True
1609509360000,1033.911183,1033.911183,0,0,0.000000,0,0,0.8966409279320657260876608564,837,True
1609509420000,1033.911183,1033.911183,0,0,0.000000,0,0,0.8966409279320657260876608564,838,True
1609509480000,1033.911183,1033.911183,0,0,0.000000,0,0,0.8966409279320657260876608564,839,True
1609509540000,1033.911183,1033.911183,0,0,0.000000,0,0,0.8966409279320657260876608564,840,True
1609509600000,1033.911183,1033.911183,0,0,0.000000,0,0,0.8966409279320657260876608564,841,True
1609509660000,1033.911183,1033.911183,0,0,0.000000,0,0,0.8966409279320657260876608564,842,True
1609509720000,1033.911183,1033.911183,0,0,0.000000,0,0,0.8966409279320657260876608564,843,True
1609509780000,1033.911183,1033.911183,0,0,0.000000,0,0,0.8966409279320657260876608564,844,True
1609509840000,1033.911183,1033.911183,0,0,0.000000,0,0,0.8966409279320657260876608564,845,True
1609509900000,1033.911183,1033.911183,0,0,0.000000,0,0,0.8966409279320657260876608564,846,True
1609509960000,1033.911183,1033.911183,0,0,0.000000,0,0,0.8966409279320657260876608564,847,True
1609510020000,1033.911183,1033.911183,0,0,0.000000,0,0,0.8966409279320657260876608564,848,True
1609510080000,1033.911183,1033.911183,0,0,0.000000,0,0,0.8966409279320657260876608564,849,True
1609510140000,1033.911183,1033.911183,0,0,0.000000,0,0,0.8966409279320657260876608564,850,True
1609510200000,1033.911183,1033.911183,0,0,0.000000,0,0,0.8966409279320657260876608564,851,True
1609510260000,1033.911183,1033.911183,0,0,0.000000,0,0,0.8966409279320657260876608564,852,True
1609510320000,1033.911183,1033.911183,0,0,0.000000,0,0,0.8966409279320657260876608564,853,True
1609510380000,1033.911183,1033.911183,0,0,0.000000,0,0,0.8966409279320657260876608564,854,True
1609510440000,1033.911183,1033.911183,0,0,0.000000,0,0,0.8966409279320657260876608564,855,True
1609510500000,1033.911183,1033.911183,0,0,0.000000,0,0,0.8966409279320657260876608564,856,True
1609510560000,1033.911183,1033.911183,0,0,0.000000,0,0,0.8966409279320657260876608564,857,True
1609510620000,1033.911183,1033.911183,0,0,0.000000,0,0,0.8966409279320657260876608564,858,True
1609510680000,1033.911183,1033.911183,0,0,0.000000,0,0,0.8966409279320657260876608564,859,True
1609510740000,1033.911183,1033.911183,0,0,0.000000,0,0,0.8966409279320657260876608564,860,True
1609510800000,1033.911183,1033.911183,0,0,0.000000,0,0,0.8966409279320657260876608564,861,True
1609510860000,1033.911183,1033.911183,0,0,0.000000,0,0,0.8966409279320657260876608564,862,True
1609510920000,1033.911183,1033.911183,0,0,0.000000,0,0,0.8966409279320657260876608564,863,True
1609510980000,1033.911183,1033.911183,0,0,0.000000,0,0,0.8966409279320657260876608564,864,True
1609511040000,1033.911183,1033.911183,0,0,0.000000,0,0,0.8966409279320657260876608564,865,True
1609511100000,1033.911183,1033.911183,0,0,0.000000,0,0,0.8966409279320657260876608564,866,True
1609511160000,1033.911183,1033.911183,0,0,0.000000,0,0,0.8966409279320657260876608564,867,True
1609511220000,1033.911183,1033.911183,0,0,0.000000,0,0,0.8966409279320657260876608564,868,True
1609511280000,1033.911183,1033.911183,0,0,0.000000,0,0,0.8966409279320657260876608564,869,True
1609511340000,1033.911183,1033.911183,0,0,0.000000,0,0,0.8966409279320657260876608564,870,True
1609511400000,1033.911183,1033.911183,0,0,0.000000,0,0,0.8966409279320657260876608564,871,True
1609511460000,1033.911183,1033.911183,0,0,0.000000,0,0,0.8966409279320657260876608564,872,True
1609511520000,1033.911183,1033.911183,0,0,0.000000,0,0,0.8966409279320657260876608564,873,True
1609511580000,1033.911183,1033.911183,0,0,0.000000,0,0,0.8966409279320657260876608564,874,True
1609511640000,1033.911183,1033.911183,0,0,0.000000,0,0,0.8966409279320657260876608564,875,True
1609511700000,1033.911183,1033.911183,0,0,0.000000,0,0,0.8966409279320657260876608564,876,True
1609511760000,1033.911183,1033.911183,0,0,0.000000,0,0,0.8966409279320657260876608564,877,True
1609511820000,1033.911183,1033.911183,0,0,0.000000,0,0,0.8966409279320657260876608564,878,True
1609511880000,1033.911183,1033.911183,0,0,0.000000,0,0,0.8966409279320657260876608564,879,True
1609511940000,1033.911183,1033.911183,0,0,0.000000,0,0,0.8966409279320657260876608564,880,True
1609512000000,1033.911183,1033.911183,0,0,0.000000,0,0,0.8966409279320657260876608564,881,True
1609512060000,1033.911183,1033.911183,0,0,0.000000,0,0,0.8966409279320657260876608564,882,True
1609512120000,1033.911183,1033.911183,0,0,0.000000,0,0,0.8966409279320657260876608564,883,True
1609512180000,1033.911183,1033.911183,0,0,0.000000,0,0,0.8966409279320657260876608564,884,True
1609512240000,1033.911183,1033.911183,0,0,0.000000,0,0,0.8966409279320657260876608564,885,True
1609512300000,1033.911183,1033.911183,0,0,0.000000,0,0,0.8966409279320657260876608564,886,True
1609512360000,1033.911183,1033.911183,0,0,0.000000,0,0,0.8966409279320657260876608564,887,True
1609512420000,1033.911183,1033.911183,0,0,0.000000,0,0,0.8966409279320657260876608564,888,True
1609512480000,1033.911183,1033.911183,0,0,0.000000,0,0,0.8966409279320657260876608564,889,True
1609512540000,1033.911183,1033.911183,0,0,0.000000,0,0,0.8966409279320657260876608564,890,True
1609512600000,1033.911183,1033.911183,0,0,0.000000,0,0,0.8966409279320657260876608564,891,True
1609512660000,1033.911183,1033.911183,0,0,0.000000,0,0,0.8966409279320657260876608564,892,True
1609512720000,1033.911183,1033.911183,0,0,0.000000,0,0,0.8966409279320657260876608564,893,True
1609512780000,1033.911183,1033.911183,0,0,0.000000,0,0,0.8966409279320657260876608564,894,True
1609512840000,1033.911183,1033.911183,0,0,0.000000,0,0,0.8966409279320657260876608564,895,True
1609512900000,1033.911183,1033.911183,0,0,0.000000,0,0,0.8966409279320657260876608564,896,True
1609512960000,1033.911183,1033.911183,0,0,0.000000,0,0,0.8966409279320657260876608564,897,True
1609513020000,1033.911183,1033.911183,0,0,0.000000,0,0,0.8966409279320657260876608564,898,True
1609513080000,1033.911183,1033.911183,0,0,0.000000,0,0,0.8966409279320657260876608564,899,True
1609513140000,1033.911183,1033.911183,0,0,0.000000,0,0,0.8966409279320657260876608564,900,True
1609513200000,1033.911183,1033.911183,0,0,0.000000,0,0,0.8966409279320657260876608564,901,True
1609513260000,1033.911183,1033.911183,0,0,0.000000,0,0,0.8966409279320657260876608564,902,True
1609513320000,1033.911183,1033.911183,0,0,0.000000,0,0,0.8966409279320657260876608564,903,True
1609513380000,1033.911183,1033.911183,0,0,0.000000,0,0,0.8966409279320657260876608564,904,True
1609513440000,1033.911183,1033.911183,0,0,0.000000,0,0,0.8966409279320657260876608564,905,True
1609513500000,1033.911183,1033.911183,0,0,0.000000,0,0,0.8966409279320657260876608564,906,True
1609513560000,1033.911183,1033.911183,0,0,0.000000,0,0,0.8966409279320657260876608564,907,True
1609513620000,1033.911183,1033.911183,0,0,0.000000,0,0,0.8966409279320657260876608564,908,True
1609513680000,1033.911183,1033.911183,0,0,0.000000,0,0,0.8966409279320657260876608564,909,True
1609513740000,1033.911183,1033.911183,0,0,0.000000,0,0,0.8966409279320657260876608564,910,True
1609513800000,1033.911183,1033.911183,0,0,0.000000,0,0,0.8966409279320657260876608564,911,True
1609513860000,1033.911183,1033.911183,0,0,0.000000,0,0,0.8966409279320657260876608564,912,True
1609513920000,1033.911183,1033.911183,0,0,0.000000,0,0,0.8966409279320657260876608564,913,True
1609513980000,1033.911183,1033.911183,0,0,0.000000,0,0,0.8966409279320657260876608564,914,True
1609514040000,1033.911183,1033.911183,0,0,0.000000,0,0,0.8966409279320657260876608564,915,True
1609514100000,1033.911183,1033.911183,0,0,0.000000,0,0,0.8966409279320657260876608564,916,True
1609514160000,1033.911183,1033.911183,0,0,0.000000,0,0,0.8966409279320657260876608564,917,True
1609514220000,1033.911183,1033.911183,0,0,0.000000,0,0,0.8966409279320657260876608564,918,True
1609514280000,1033.911183,1033.911183,0,0,0.000000,0,0,0.8966409279320657260876608564,919,True
1609514340000,1033.911183,1033.911183,0,0,0.000000,0,0,0.8966409279320657260876608564,920,True
1609514400000,1033.911183,1033.911183,0,0,0.000000,0,0,0.8966409279320657260876608564,921,True
1609514460000,1033.911183,1033.911183,0,0,0.000000,0,0,0.8966409279320657260876608564,922,True
1609514520000,1033.911183,1033.911183,0,0,0.000000,0,0,0.8966409279320657260876608564,923,True
1609514580000,1033.911183,1033.911183,0,0,0.000000,0,0,0.8966409279320657260876608564,924,True
1609514640000,1033.911183,1033.911183,0,0,0.000000,0,0,0.8966409279320657260876608564,925,True
1609514700000,1033.911183,1033.911183,0,0,0.000000,0,0,0.8966409279320657260876608564,926,True
1609514760000,1033.911183,1033.911183,0,0,0.000000,0,0,0.8966409279320657260876608564,927,True
1609514820000,1033.911183,1033.911183,0,0,0.000000,0,0,0.8966409279320657260876608564,928,True
1609514880000,1033.911183,1033.911183,0,0,0.000000,0,0,0.8966409279320657260876608564,929,True
1609514940000,1033.911183,1033.911183,0,0,0.000000,0,0,0.8966409279320657260876608564,930,True
1609515000000,1033.911183,1033.911183,0,0,0.000000,0,0,0.8966409279320657260876608564,931,True
1609515060000,1033.911183,1033.911183,0,0,0.000000,0,0,0.8966409279320657260876608564,932,True
1609515120000,1033.911183,1033.911183,0,0,0.000000,0,0,0.8966409279320657260876608564,933,True
1609515180000,1033.911183,1033.911183,0,0,0.000000,0,0,0.8966409279320657260876608564,934,True
1609515240000,1033.911183,1033.911183,0,0,0.000000,0,0,0.8966409279320657260876608564,935,True
1609515300000,1033.911183,1033.911183,0,0,0.000000,0,0,0.8966409279320657260876608564,936,True
1609515360000,1033.911183,1033.911183,0,0,0.000000,0,0,0.8966409279320657260876608564,937,True
1609515420000,1033.911183,1033.911183,0,0,0.000000,0,0,0.8966409279320657260876608564,938,True
1609515480000,1033.911183,1033.911183,0,0,0.000000,0,0,0.8966409279320657260876608564,939,True
1609515540000,1033.911183,1033.911183,0,0,0.000000,0,0,0.8966409279320657260876608564,940,True
1609515600000,1033.911183,1033.911183,0,0,0.000000,0,0,0.8966409279320657260876608564,941,True
1609515660000,1033.911183,1033.911183,0,0,0.000000,0,0,0.8966409279320657260876608564,942,True
1609515720000,1033.911183,1033.911183,0,0,0.000000,0,0,0.8966409279320657260876608564,943,True
1609515780000,1033.911183,1033.911183,0,0,0.000000,0,0,0.8966409279320657260876608564,944,True
1609515840000,1033.911183,1033.911183,0,0,0.000000,0,0,0.8966409279320657260876608564,945,True
1609515900000,1033.911183,1033.911183,0,0,0.000000,0,0,0.8966409279320657260876608564,946,True
1609515960000,1033.911183,1033.911183,0,0,0.000000,0,0,0.8966409279320657260876608564,947,True
1609516020000,1033.911183,1033.911183,0,0,0.000000,0,0,0.8966409279320657260876608564,948,True
1609516080000,1033.911183,1033.911183,0,0,0.000000,0,0,0.8966409279320657260876608564,949,True
1609516140000,1033.911183,1033.911183,0,0,0.000000,0,0,0.8966409279320657260876608564,950,True
1609516200000,1033.911183,1033.911183,0,0,0.000000,0,0,0.8966409279320657260876608564,951,True
1609516260000,1033.911183,1033.911183,0,0,0.000000,0,0,0.8966409279320657260876608564,952,True
1609516320000,1033.911183,1033.911183,0,0,0.000000,0,0,0.8966409279320657260876608564,953,True
1609516380000,1033.911183,1033.911183,0,0,0.000000,0,0,0.8966409279320657260876608564,954,True
1609516440000,1033.911183,1033.911183,0,0,0.000000,0,0,0.8966409279320657260876608564,955,True
1609516500000,1033.911183,1033.911183,0,0,0.000000,0,0,0.8966409279320657260876608564,956,True
1609516560000,1033.911183,1033.911183,0,0,0.000000,0,0,0.8966409279320657260876608564,957,True
1609516620000,1033.911183,1033.911183,0,0,0.000000,0,0,0.8966409279320657260876608564,958,True
1609516680000,1033.911183,1033.911183,0,0,0.000000,0,0,0.8966409279320657260876608564,959,True
1609516740000,1033.911183,1033.911183,0,0,0.000000,0,0,0.8966409279320657260876608564,960,True
1609516800000,1033.911183,1033.911183,0,0,0.000000,0,0,0.8966409279320657260876608564,961,True
1609516860000,1033.911183,1033.911183,0,0,0.000000,0,0,0.8966409279320657260876608564,962,True
1609516920000,1033.911183,1033.911183,0,0,0.000000,0,0,0.8966409279320657260876608564,963,True
1609516980000,1033.911183,1033.911183,0,0,0.000000,0,0,0.8966409279320657260876608564,964,True
1609517040000,1033.911183,1033.911183,0,0,0.000000,0,0,0.8966409279320657260876608564,965,True
1609517100000,1033.911183,1033.911183,0,0,0.000000,0,0,0.8966409279320657260876608564,966,True
1609517160000,1033.911183,1033.911183,0,0,0.000000,0,0,0.8966409279320657260876608564,967,True
1609517220000,1033.911183,1033.911183,0,0,0.000000,0,0,0.8966409279320657260876608564,968,True
1609517280000,1033.911183,1033.911183,0,0,0.000000,0,0,0.8966409279320657260876608564,969,True
1609517340000,1033.911183,1033.911183,0,0,0.000000,0,0,0.8966409279320657260876608564,970,True
1609517400000,1033.911183,1033.911183,0,0,0.000000,0,0,0.8966409279320657260876608564,971,True
1609517460000,1033.911183,1033.911183,0,0,0.000000,0,0,0.8966409279320657260876608564,972,True
1609517520000,1033.911183,1033.911183,0,0,0.000000,0,0,0.8966409279320657260876608564,973,True
1609517580000,1033.911183,1033.911183,0,0,0.000000,0,0,0.8966409279320657260876608564,974,True
1609517640000,1033.911183,1033.911183,0,0,0.000000,0,0,0.8966409279320657260876608564,975,True
1609517700000,1033.911183,1033.911183,0,0,0.000000,0,0,0.8966409279320657260876608564,976,True
1609517760000,1033.911183,1033.911183,0,0,0.000000,0,0,0.8966409279320657260876608564,977,True
1609517820000,1033.911183,1033.911183,0,0,0.000000,0,0,0.8966409279320657260876608564,978,True
1609517880000,1033.911183,1033.911183,0,0,0.000000,0,0,0.8966409279320657260876608564,979,True
1609517940000,1033.911183,1033.911183,0,0,0.000000,0,0,0.8966409279320657260876608564,980,True
1609518000000,1033.911183,1033.911183,0,0,0.000000,0,0,0.8966409279320657260876608564,981,True
1609518060000,1033.911183,1033.911183,0,0,0.000000,0,0,0.8966409279320657260876608564,982,True
1609518120000,1033.911183,1033.911183,0,0,0.000000,0,0,0.8966409279320657260876608564,983,True
1609518180000,1033.911183,1033.911183,0,0,0.000000,0,0,0.8966409279320657260876608564,984,True
1609518240000,1033.911183,1033.911183,0,0,0.000000,0,0,0.8966409279320657260876608564,985,True
1609518300000,1033.911183,1033.911183,0,0,0.000000,0,0,0.8966409279320657260876608564,986,True
1609518360000,1033.911183,1033.911183,0,0,0.000000,0,0,0.8966409279320657260876608564,987,True
1609518420000,1033.911183,1033.911183,0,0,0.000000,0,0,0.8966409279320657260876608564,988,True
1609518480000,1033.911183,1033.911183,0,0,0.000000,0,0,0.8966409279320657260876608564,989,True
1609518540000,1033.911183,1033.911183,0,0,0.000000,0,0,0.8966409279320657260876608564,990,True
1609518600000,1033.911183,1033.911183,0,0,0.000000,0,0,0.8966409279320657260876608564,991,True
1609518660000,1033.911183,1033.911183,0,0,0.000000,0,0,0.8966409279320657260876608564,992,True
1609518720000,1033.911183,1033.911183,0,0,0.000000,0,0,0.8966409279320657260876608564,993,True
1609518780000,1033.911183,1033.911183,0,0,0.000000,0,0,0.8966409279320657260876608564,994,True
1609518840000,1033.911183,1033.911183,0,0,0.000000,0,0,0.8966409279320657260876608564,995,True
1609518900000,1033.911183,1033.911183,0,0,0.000000,0,0,0.8966409279320657260876608564,996,True
1609518960000,1033.911183,1033.911183,0,0,0.000000,0,0,0.8966409279320657260876608564,997,True
1609519020000,1033.911183,1033.911183,0,0,0.000000,0,0,0.8966409279320657260876608564,998,True
1609519080000,1033.911183,1033.911183,0,0,0.000000,0,0,0.8966409279320657260876608564,999,True
1609519140000,1033.911183,1033.911183,0,0,0.000000,0,0,0.8966409279320657260876608564,1000,True
